"Time (s)","Latitude (°)","Longitude (°)","Height (m)","Velocity (m/s)","Direction (°)","Horizontal Accuracy (m)","Vertical Accuracy (m)"
0.000000000E0,4.544726440E1,-7.379805260E1,5.181619023E1,0.000000000E0,6.118936157E1,2.463199997E1,9.429767609E0
1.948016765E0,4.544688041E1,-7.379676242E1,2.228642877E1,0.000000000E0,6.118936157E1,1.408278370E1,1.465114880E1
3.043337526E0,4.544693199E1,-7.379678013E1,2.217698474E1,0.000000000E0,6.118936157E1,4.277641773E0,2.738456345E1
4.052077272E0,4.544693884E1,-7.379678185E1,1.639429601E1,0.000000000E0,6.118936157E1,9.414026260E0,1.585409260E1
5.085354698E0,4.544693571E1,-7.379678113E1,1.529320086E1,0.000000000E0,6.118936157E1,9.205842972E0,1.203763103E1
6.128431155E0,4.544693957E1,-7.379679122E1,1.612899485E1,0.000000000E0,6.118936157E1,1.110544491E1,1.504439449E1
7.086409061E0,4.544693841E1,-7.379685743E1,1.964078381E1,0.000000000E0,6.118936157E1,5.038839817E0,5.776927471E0
8.094383874E0,4.544693494E1,-7.379686776E1,2.046027023E1,0.000000000E0,6.118936157E1,3.901758671E0,4.275013924E0
9.594445640E0,4.544693568E1,-7.379685730E1,2.005558635E1,0.000000000E0,6.118936157E1,3.049979925E0,3.027511120E0
1.059445864E1,4.544693856E1,-7.379684547E1,1.910613801E1,0.000000000E0,6.118936157E1,2.875550270E0,3.000000000E0
1.159450764E1,4.544694071E1,-7.379683706E1,1.863680728E1,0.000000000E0,6.118936157E1,2.764963627E0,3.000000000E0
1.259448664E1,4.544694332E1,-7.379682770E1,1.819715812E1,0.000000000E0,6.118936157E1,2.724875689E0,3.000000000E0
1.359449964E1,4.544694392E1,-7.379682449E1,1.797678707E1,1.033266187E0,6.118936157E1,2.692124844E0,3.000000000E0
1.459452064E1,4.544694994E1,-7.379681035E1,1.802191209E1,2.018960476E0,4.752893829E1,2.553797960E0,3.000000000E0
1.559453064E1,4.544696267E1,-7.379679334E1,1.825334779E1,2.541480541E0,2.832525063E1,2.498481274E0,3.000000000E0
1.659454764E1,4.544698846E1,-7.379678132E1,1.782341337E1,3.270838499E0,3.586938477E2,2.504278660E0,3.000000000E0
1.759457364E1,4.544702296E1,-7.379679177E1,1.755120629E1,3.893006086E0,3.342663879E2,2.502672434E0,3.000000000E0
1.859457864E1,4.544705858E1,-7.379682222E1,1.752846701E1,4.110319614E0,3.257847595E2,2.482042313E0,3.000000000E0
1.959458964E1,4.544709230E1,-7.379685967E1,1.764172452E1,4.193072796E0,3.249186401E2,2.456188440E0,3.000000000E0
2.059460264E1,4.544712396E1,-7.379689595E1,1.797917917E1,4.091587067E0,3.276142273E2,2.432006359E0,3.000000000E0
2.159461364E1,4.544715199E1,-7.379691872E1,1.852506391E1,3.343092918E0,3.329257812E2,2.111524343E0,3.000000000E0
2.259462564E1,4.544716546E1,-7.379692668E1,1.858568930E1,1.617310166E0,3.359528198E2,1.902411938E0,3.000000000E0
2.359465464E1,4.544717704E1,-7.379693318E1,1.831151716E1,1.134120584E0,3.391849365E2,1.769512892E0,3.000000000E0
2.459468264E1,4.544719619E1,-7.379694200E1,1.812719185E1,2.001463413E0,3.406806946E2,1.659417391E0,3.000000000E0
2.559468964E1,4.544721922E1,-7.379695266E1,1.803781489E1,2.737306595E0,3.430494080E2,1.538470387E0,3.000000000E0
2.659470964E1,4.544725341E1,-7.379696847E1,1.801428870E1,4.064723969E0,3.441965942E2,1.444292545E0,3.000000000E0
2.759471864E1,4.544729761E1,-7.379698770E1,1.808742459E1,5.181906700E0,3.450662231E2,1.366181016E0,3.000000000E0
2.859473564E1,4.544734589E1,-7.379700795E1,1.811791968E1,5.588212013E0,3.453591614E2,1.299076080E0,3.000000000E0
2.959475264E1,4.544740081E1,-7.379702609E1,1.798240610E1,6.367437363E0,3.464502563E2,1.243532419E0,3.000000000E0
3.059477664E1,4.544746840E1,-7.379704222E1,1.789728237E1,7.718282700E0,3.499278259E2,1.189427972E0,3.000000000E0
3.159477964E1,4.544754960E1,-7.379705160E1,1.776528234E1,9.054941177E0,3.556181641E2,1.142287493E0,3.000000000E0
3.259480364E1,4.544763256E1,-7.379705890E1,1.777096799E1,1.025185680E1,4.329429150E0,1.780224085E0,3.000000000E0
3.359480164E1,4.544774094E1,-7.379702031E1,1.801088455E1,1.186578751E1,1.562881470E1,1.643612385E0,1.630399227E0
3.459497964E1,4.544784167E1,-7.379696537E1,1.779895898E1,1.178554153E1,2.545564270E1,2.547357559E0,1.648689270E0
3.559488264E1,4.544793567E1,-7.379688638E1,1.771254306E1,1.199408627E1,3.555546951E1,2.145376682E0,1.636055946E0
3.659483564E1,4.544801947E1,-7.379677938E1,1.806942228E1,1.286952400E1,4.776410294E1,2.690564871E0,1.615461111E0
3.759485964E1,4.544808865E1,-7.379663856E1,1.855111536E1,1.387380505E1,5.897566986E1,2.218947649E0,1.602345824E0
3.859496264E1,4.544814643E1,-7.379647420E1,1.881692214E1,1.496849728E1,6.593365479E1,2.641386986E0,1.590187788E0
3.959489464E1,4.544819871E1,-7.379629158E1,1.872046790E1,1.605045700E1,6.846763611E1,2.220190048E0,1.588099599E0
4.059497364E1,4.544825323E1,-7.379608973E1,1.853423902E1,1.723774910E1,6.986386871E1,1.967549801E0,1.599898696E0
4.159496664E1,4.544830843E1,-7.379587133E1,1.838431039E1,1.803352547E1,7.093407440E1,1.786262512E0,1.595803857E0
4.259492064E1,4.544836025E1,-7.379565068E1,1.810623854E1,1.805499840E1,7.185764313E1,1.645683765E0,1.598883986E0
4.359493964E1,4.544840929E1,-7.379542950E1,1.806369286E1,1.878024864E1,7.265414429E1,1.535494804E0,1.590418100E0
4.459495564E1,4.544846071E1,-7.379519460E1,1.786664633E1,1.954819870E1,7.328070068E1,1.434042692E0,1.580772877E0
4.559503464E1,4.544850898E1,-7.379494927E1,1.756912931E1,2.046014214E1,7.417899323E1,1.349991798E0,1.586805701E0
4.659499364E1,4.544855663E1,-7.379468876E1,1.786903557E1,2.123961639E1,7.520139313E1,1.275913715E0,1.584253311E0
4.759501964E1,4.544860373E1,-7.379442012E1,1.809815827E1,2.210131454E1,7.640598297E1,1.217446208E0,1.584679008E0
4.859502264E1,4.544864915E1,-7.379414081E1,1.809119849E1,2.290205002E1,7.753291321E1,1.164627552E0,1.588640094E0
4.959504564E1,4.544869275E1,-7.379384980E1,1.797520844E1,2.363393211E1,7.858412933E1,1.119081378E0,1.588233829E0
5.059506364E1,4.544873222E1,-7.379354732E1,1.810274395E1,2.453718758E1,7.956574249E1,1.079123735E0,1.595452189E0
5.159507964E1,4.544877038E1,-7.379323670E1,1.821978713E1,2.478181839E1,8.023665619E1,1.044735789E0,1.602455616E0
5.259508464E1,4.544880745E1,-7.379292582E1,1.788832187E1,2.452737999E1,8.081513214E1,2.436334610E0,1.614510655E0
5.359510764E1,4.544884283E1,-7.379261660E1,1.810506313E1,2.487403107E1,8.111523438E1,3.088175774E0,1.626326561E0
5.459511064E1,4.544887904E1,-7.379230062E1,1.812542579E1,2.563745308E1,8.091851807E1,3.115361214E0,1.621431231E0
5.559513364E1,4.544891766E1,-7.379197137E1,1.805901583E1,2.645579910E1,8.112158966E1,3.215307713E0,1.639804125E0
5.659519664E1,4.544895475E1,-7.379163342E1,1.777758643E1,2.715063286E1,8.155915070E1,3.228504896E0,1.664683700E0
5.759517564E1,4.544899048E1,-7.379128541E1,1.783520814E1,2.757629585E1,8.202328491E1,3.278459072E0,1.680317521E0
5.859518064E1,4.544902480E1,-7.379093250E1,1.828766950E1,2.795614052E1,8.257946014E1,3.182651520E0,1.676054716E0
5.959518764E1,4.544905520E1,-7.379057668E1,1.833248579E1,2.830692101E1,8.300599670E1,3.173355103E0,1.676051140E0
6.059518564E1,4.544908534E1,-7.379021596E1,1.836341209E1,2.853420067E1,8.334996796E1,3.167507648E0,1.666301012E0
6.159521964E1,4.544911389E1,-7.378985336E1,1.885586101E1,2.870988464E1,8.372401428E1,3.156152725E0,1.673304200E0
6.259533564E1,4.544914218E1,-7.378948408E1,1.917661207E1,2.909253502E1,8.410602570E1,3.287230253E0,1.665544271E0
6.359523264E1,4.544916596E1,-7.378911295E1,1.959765050E1,2.947324371E1,8.445664215E1,3.157911301E0,1.669913650E0
6.459537364E1,4.544918763E1,-7.378873876E1,1.967391599E1,2.980391693E1,8.499198914E1,3.118902683E0,1.662773013E0
6.559527464E1,4.544920597E1,-7.378835843E1,1.993526835E1,3.012643242E1,8.578566742E1,3.106632710E0,1.660926819E0
6.659527864E1,4.544922104E1,-7.378797442E1,2.012078344E1,3.038962936E1,8.647627258E1,3.102071285E0,1.653836489E0
6.759529664E1,4.544923637E1,-7.378758326E1,2.073698309E1,3.056561279E1,8.713877106E1,3.271118641E0,1.661933184E0
6.859535564E1,4.544924818E1,-7.378719345E1,2.125579029E1,3.068062210E1,8.786550140E1,3.368653774E0,1.664393902E0
6.959533964E1,4.544925657E1,-7.378680234E1,2.224923399E1,3.070883369E1,8.843292236E1,3.433962107E0,1.679993749E0
7.059544164E1,4.544926273E1,-7.378640906E1,2.262955136E1,3.067424393E1,8.895328522E1,3.449118614E0,1.700396180E0
7.159534964E1,4.544926231E1,-7.378602162E1,2.284921340E1,3.062083435E1,8.951545715E1,3.251115322E0,1.718705773E0
7.259537464E1,4.544926086E1,-7.378563131E1,2.296825678E1,3.058755684E1,8.993342590E1,3.211977482E0,1.725207329E0
7.359540464E1,4.544925743E1,-7.378524304E1,2.289792848E1,3.053701210E1,9.039736938E1,3.205493689E0,1.733050942E0
7.459540464E1,4.544925478E1,-7.378485290E1,2.278959304E1,3.042076874E1,9.067444611E1,3.297173500E0,1.747754931E0
7.559541164E1,4.544925353E1,-7.378446652E1,2.348534091E1,3.026551247E1,9.103879547E1,3.505135775E0,1.748462796E0
7.659542464E1,4.544924832E1,-7.378408147E1,2.374692903E1,3.010742188E1,9.141576385E1,3.442507744E0,1.733301163E0
7.759545864E1,4.544924418E1,-7.378369586E1,2.414105429E1,2.985604477E1,9.150533295E1,3.470125675E0,1.734482050E0
7.859548764E1,4.544923917E1,-7.378331578E1,2.463319965E1,2.932184792E1,9.171296692E1,3.469171524E0,1.735045075E0
7.959549864E1,4.544923473E1,-7.378294234E1,2.514599838E1,2.876688766E1,9.184021759E1,3.184824467E0,1.705385089E0
8.059550164E1,4.544922803E1,-7.378257549E1,2.524852239E1,2.833690834E1,9.162489319E1,3.127639294E0,1.678889036E0
8.159549264E1,4.544922261E1,-7.378221386E1,2.547006876E1,2.792811775E1,9.155228424E1,3.152165413E0,1.663136363E0
8.259552464E1,4.544921307E1,-7.378185874E1,2.507985557E1,2.755051041E1,9.158123779E1,3.327515602E0,1.665324211E0
8.359554264E1,4.544920528E1,-7.378150888E1,2.492877838E1,2.721897316E1,9.159175110E1,3.367450714E0,1.660261273E0
8.459555964E1,4.544920056E1,-7.378115831E1,2.512397244E1,2.707854462E1,9.164096069E1,3.291197777E0,1.668047667E0
8.559557564E1,4.544919471E1,-7.378081024E1,2.522712062E1,2.686327171E1,9.157440948E1,3.291211128E0,1.686204553E0
8.659557364E1,4.544918780E1,-7.378046722E1,2.509362764E1,2.691987801E1,9.172051239E1,3.632915497E0,1.697438717E0
8.759559264E1,4.544917952E1,-7.378012335E1,2.524298140E1,2.709569168E1,9.185722351E1,3.534582138E0,1.690954089E0
8.859560564E1,4.544917182E1,-7.377977653E1,2.529778278E1,2.716834068E1,9.194398499E1,3.159810066E0,1.682390571E0
8.959561464E1,4.544916385E1,-7.377942738E1,2.521485334E1,2.705365944E1,9.157501221E1,3.183146238E0,1.665522814E0
9.059564464E1,4.544915661E1,-7.377908100E1,2.524046495E1,2.689783287E1,9.166616058E1,3.112808704E0,1.653392434E0
9.159565164E1,4.544914960E1,-7.377873822E1,2.524660720E1,2.673874855E1,9.176609802E1,3.095057487E0,1.655509114E0
9.259566864E1,4.544914371E1,-7.377839795E1,2.507911796E1,2.669865990E1,9.159041595E1,3.086893559E0,1.648388267E0
9.359567764E1,4.544913965E1,-7.377805367E1,2.503837580E1,2.662347031E1,9.160017395E1,3.090500355E0,1.652648807E0
9.459568964E1,4.544913245E1,-7.377771319E1,2.495405347E1,2.647310448E1,9.146569061E1,3.204843044E0,1.647867203E0
9.559592864E1,4.544912506E1,-7.377737651E1,2.467001646E1,2.624979973E1,9.141087341E1,3.123649597E0,1.644555449E0
9.659572364E1,4.544911981E1,-7.377704224E1,2.448103059E1,2.595491028E1,9.178755951E1,3.110918999E0,1.648889542E0
9.759573264E1,4.544911348E1,-7.377671278E1,2.451747544E1,2.570838547E1,9.155435944E1,3.106057644E0,1.644107699E0
9.859573964E1,4.544910706E1,-7.377638716E1,2.441093901E1,2.550462532E1,9.164291382E1,3.124053478E0,1.638841510E0
9.959576464E1,4.544909894E1,-7.377606204E1,2.464713216E1,2.532019043E1,9.174142456E1,3.040131569E0,1.641294956E0
1.005957766E2,4.544909278E1,-7.377573965E1,2.453386279E1,2.515169144E1,9.170722198E1,3.034360409E0,1.639191747E0
1.015957716E2,4.544908691E1,-7.377541922E1,2.467929376E1,2.504119492E1,9.161548615E1,3.132047176E0,1.638028741E0
1.025957986E2,4.544908082E1,-7.377509951E1,2.463502170E1,2.528664207E1,9.157830048E1,3.135889530E0,1.643784761E0
1.035958156E2,4.544907571E1,-7.377477188E1,2.457592069E1,2.565657997E1,9.147943878E1,3.132422924E0,1.636849642E0
1.045958336E2,4.544907037E1,-7.377444089E1,2.441226488E1,2.601599693E1,9.151007843E1,3.232144833E0,1.638489008E0
1.055958576E2,4.544906298E1,-7.377410259E1,2.407386336E1,2.624382019E1,9.148664093E1,3.260736465E0,1.640902281E0
1.065958786E2,4.544905708E1,-7.377376468E1,2.373961815E1,2.651604652E1,9.151843262E1,3.251191139E0,1.654650450E0
1.075958866E2,4.544905060E1,-7.377342048E1,2.373238021E1,2.679622269E1,9.124065399E1,3.240563393E0,1.671241641E0
1.085959086E2,4.544904535E1,-7.377307355E1,2.395200044E1,2.698598480E1,9.126258087E1,3.331490993E0,1.673606634E0
1.095959186E2,4.544903853E1,-7.377272852E1,2.414375427E1,2.706692314E1,9.139731598E1,3.675180912E0,1.659322381E0
1.105959196E2,4.544903172E1,-7.377238424E1,2.426851985E1,2.710351562E1,9.155251312E1,3.731589794E0,1.653847337E0
1.115959496E2,4.544902350E1,-7.377203881E1,2.436063368E1,2.712871170E1,9.169487762E1,3.696797132E0,1.650106192E0
1.125959646E2,4.544901630E1,-7.377168986E1,2.421861657E1,2.706047630E1,9.173894501E1,3.655755043E0,1.652725697E0
1.135959806E2,4.544900976E1,-7.377134001E1,2.430054503E1,2.698384666E1,9.169313812E1,3.655833721E0,1.662626028E0
1.145959846E2,4.544900132E1,-7.377099151E1,2.432142837E1,2.694956779E1,9.168804932E1,3.651531696E0,1.668794274E0
1.155960366E2,4.544899437E1,-7.377064310E1,2.440738471E1,2.693188667E1,9.167690277E1,3.660479307E0,1.673847198E0
1.165960106E2,4.544898700E1,-7.377029589E1,2.424142823E1,2.692575645E1,9.168020630E1,3.657620907E0,1.680604100E0
1.175960246E2,4.544897914E1,-7.376994807E1,2.409143324E1,2.699994659E1,9.182541656E1,3.641555309E0,1.682344079E0
1.185960376E2,4.544897020E1,-7.376960025E1,2.398107958E1,2.702156258E1,9.195691681E1,3.637631416E0,1.686154723E0
1.195960436E2,4.544896192E1,-7.376925398E1,2.418058103E1,2.695777893E1,9.176781464E1,3.629321337E0,1.689015150E0
1.205960766E2,4.544895473E1,-7.376890933E1,2.418996645E1,2.679465103E1,9.162602234E1,3.654169321E0,1.692054152E0
1.215960656E2,4.544894988E1,-7.376856753E1,2.404592171E1,2.663122368E1,9.151218414E1,3.674971819E0,1.695801139E0
1.225961656E2,4.544894661E1,-7.376822807E1,2.426685834E1,2.647160149E1,9.164573669E1,3.674133301E0,1.696437478E0
1.235962456E2,4.544894107E1,-7.376789379E1,2.445549848E1,2.632691383E1,9.163103485E1,3.850971937E0,1.700552702E0
1.245961566E2,4.544893530E1,-7.376756187E1,2.456257014E1,2.615374947E1,9.152581787E1,3.632399559E0,1.705688357E0
1.255961426E2,4.544892838E1,-7.376723620E1,2.479573203E1,2.598677444E1,9.169808960E1,3.640254021E0,1.693844318E0
1.265961616E2,4.544892173E1,-7.376690890E1,2.489896273E1,2.584615707E1,9.161527252E1,3.640388966E0,1.685309410E0
1.275961726E2,4.544891503E1,-7.376658172E1,2.508822000E1,2.565255165E1,9.166577911E1,3.635144234E0,3.000000000E0
1.285962536E2,4.544890921E1,-7.376625700E1,2.561787007E1,2.551246643E1,9.163228607E1,3.619683981E0,1.586333871E0
1.295962626E2,4.544890431E1,-7.376592950E1,2.580020214E1,2.544491196E1,9.159823608E1,3.624386072E0,1.546292901E0
1.305962146E2,4.544889919E1,-7.376560281E1,2.584662167E1,2.543311501E1,9.156140137E1,3.646172047E0,1.525321484E0
1.315962226E2,4.544889187E1,-7.376528009E1,2.587530109E1,2.559249115E1,9.147043610E1,3.633014679E0,1.516603112E0
1.325962716E2,4.544888482E1,-7.376495178E1,2.589680862E1,2.573971176E1,9.153128052E1,3.622921944E0,1.514112115E0
1.335962546E2,4.544887718E1,-7.376462498E1,2.608071079E1,2.566711044E1,9.153578949E1,3.681368828E0,1.503833532E0
1.345962756E2,4.544886909E1,-7.376429886E1,2.624484154E1,2.542407799E1,9.163920593E1,3.828730345E0,1.497695446E0
1.355962826E2,4.544886150E1,-7.376397752E1,2.629083282E1,2.504490662E1,9.167141724E1,3.872994661E0,1.493969917E0
1.365962856E2,4.544885398E1,-7.376366258E1,2.633508285E1,2.462866974E1,9.172676086E1,3.873559713E0,1.491119742E0
1.375963206E2,4.544884656E1,-7.376335329E1,2.639231427E1,2.417321777E1,9.180108643E1,3.811288834E0,1.492951393E0
1.385963286E2,4.544883788E1,-7.376304984E1,2.639660286E1,2.380033875E1,9.188552094E1,3.866500378E0,1.493542552E0
1.395963416E2,4.544883054E1,-7.376275119E1,2.650747366E1,2.357678795E1,9.172901917E1,3.869873524E0,1.494538903E0
1.405963556E2,4.544882501E1,-7.376245528E1,2.651076854E1,2.337236214E1,9.164924622E1,3.887073994E0,1.498811841E0
1.415963746E2,4.544881972E1,-7.376215873E1,2.657093363E1,2.353015900E1,9.167596436E1,3.704565048E0,1.500090003E0
1.425964406E2,4.544881303E1,-7.376185851E1,2.643045409E1,2.369473839E1,9.164277649E1,3.811483860E0,1.503718019E0
1.435964086E2,4.544880671E1,-7.376155361E1,2.646329664E1,2.392386055E1,9.168943024E1,3.806855679E0,1.504312158E0
1.445964306E2,4.544880103E1,-7.376124622E1,2.656988933E1,2.403505898E1,9.148550415E1,3.919477701E0,1.507493854E0
1.455964266E2,4.544879616E1,-7.376093678E1,2.677404155E1,2.415289879E1,9.153056335E1,3.797639370E0,1.511279941E0
1.465964516E2,4.544879007E1,-7.376062861E1,2.682218481E1,2.413945961E1,9.144332123E1,3.815929413E0,1.511067867E0
1.475964566E2,4.544878490E1,-7.376032019E1,2.702270165E1,2.413154602E1,9.141558838E1,3.889595985E0,1.512179971E0
1.485964626E2,4.544877965E1,-7.376001249E1,2.716512976E1,2.423451614E1,9.146482086E1,3.856038570E0,1.517220497E0
1.495965096E2,4.544877299E1,-7.375970244E1,2.699808921E1,2.458480644E1,9.157655334E1,3.878890038E0,1.517364740E0
1.505964916E2,4.544876577E1,-7.375938727E1,2.691137856E1,2.469799423E1,9.155194092E1,3.622994423E0,1.519281983E0
1.515965086E2,4.544876025E1,-7.375906825E1,2.680696134E1,2.483750534E1,9.164880371E1,3.794109821E0,1.519598365E0
1.525965256E2,4.544875432E1,-7.375874709E1,2.668722498E1,2.499017334E1,9.174507904E1,3.839632511E0,1.518078685E0
1.535965386E2,4.544874740E1,-7.375842528E1,2.677965180E1,2.506151199E1,9.167330933E1,3.753915787E0,1.520395637E0
1.545965556E2,4.544874023E1,-7.375810282E1,2.681519717E1,2.502105904E1,9.157852936E1,3.765463352E0,1.520427227E0
1.555965856E2,4.544873342E1,-7.375778191E1,2.688979178E1,2.493284225E1,9.154931641E1,3.605453968E0,1.523099065E0
1.565965916E2,4.544872646E1,-7.375746506E1,2.688841800E1,2.463659668E1,9.169635010E1,3.799205303E0,1.527019620E0
1.575966666E2,4.544871976E1,-7.375715090E1,2.688933074E1,2.428711510E1,9.256597900E1,3.792635679E0,1.528258443E0
1.585965996E2,4.544870895E1,-7.375684518E1,2.697464032E1,2.337846947E1,9.334777832E1,3.800187111E0,1.530244827E0
1.595966176E2,4.544869425E1,-7.375655568E1,2.686848194E1,2.206333923E1,9.386100769E1,3.540281296E0,1.521713138E0
1.605966556E2,4.544867844E1,-7.375628720E1,2.686868656E1,2.064997482E1,9.424909210E1,3.359977722E0,1.512481213E0
1.615966676E2,4.544866389E1,-7.375603693E1,2.664408082E1,1.920541763E1,9.432434082E1,3.343304634E0,1.520007372E0
1.625967166E2,4.544865168E1,-7.375580110E1,2.602907453E1,1.876473618E1,9.434178925E1,3.388749123E0,1.521248937E0
1.635966986E2,4.544863889E1,-7.375556879E1,2.551018388E1,1.840729141E1,9.438629150E1,3.415667295E0,1.529516697E0
1.645967926E2,4.544862879E1,-7.375534299E1,2.499627162E1,1.797908020E1,9.442360687E1,3.461466551E0,1.536700487E0
1.655967496E2,4.544861717E1,-7.375511874E1,2.508623720E1,1.785374069E1,9.449851227E1,3.608307123E0,1.546516657E0
1.665967236E2,4.544860598E1,-7.375489188E1,2.546365399E1,1.779129219E1,9.471898651E1,3.823711872E0,1.553102851E0
1.675967596E2,4.544859483E1,-7.375466603E1,2.565314308E1,1.773843956E1,9.483087158E1,3.779643536E0,1.567401290E0
1.685968246E2,4.544858294E1,-7.375443949E1,2.574982346E1,1.786487770E1,9.501696014E1,3.997328281E0,1.597893238E0
1.695968226E2,4.544856955E1,-7.375421239E1,2.591831564E1,1.781986809E1,9.527692413E1,3.983489513E0,1.623861074E0
1.705969566E2,4.544855521E1,-7.375398759E1,2.606845048E1,1.746592712E1,9.549224854E1,4.101745605E0,1.641720176E0
1.715968026E2,4.544854136E1,-7.375376928E1,2.622016425E1,1.711034203E1,9.570614624E1,4.280042171E0,1.662464261E0
1.725968326E2,4.544852562E1,-7.375355681E1,2.603966617E1,1.663530159E1,9.680593872E1,4.125253677E0,1.686637521E0
1.735968636E2,4.544850520E1,-7.375335156E1,2.590884840E1,1.594370842E1,9.906646729E1,4.074494839E0,1.700720549E0
1.745968396E2,4.544848106E1,-7.375315499E1,2.575871582E1,1.498627377E1,9.980126953E1,4.129914284E0,1.713406920E0
1.755968496E2,4.544845621E1,-7.375297180E1,2.532812911E1,1.441196060E1,9.877363586E1,4.315051079E0,1.722486496E0
1.765968696E2,4.544843557E1,-7.375279727E1,2.476463336E1,1.409608746E1,9.756510925E1,4.172881603E0,1.725292563E0
1.775968976E2,4.544841555E1,-7.375262518E1,2.446146131E1,1.351928616E1,9.707968140E1,4.237876892E0,1.732745767E0
1.785969026E2,4.544839813E1,-7.375246156E1,2.507679471E1,1.195949078E1,9.723642731E1,4.220788956E0,1.711528301E0
1.795969156E2,4.544838481E1,-7.375232784E1,2.516795537E1,1.005805397E1,9.750763702E1,4.065239906E0,1.679739714E0
1.805969216E2,4.544837333E1,-7.375221683E1,2.480501873E1,8.018588066E0,9.854844666E1,4.068718910E0,1.674430490E0
1.815969506E2,4.544836023E1,-7.375212932E1,2.455081498E1,7.232366085E0,1.074240723E2,4.289783478E0,1.691365361E0
1.825969746E2,4.544833301E1,-7.375206158E1,2.431763891E1,6.882747650E0,1.292230682E2,4.312955856E0,1.693893909E0
1.835969646E2,4.544828695E1,-7.375202141E1,2.438414657E1,6.685801506E0,1.533140106E2,4.056092262E0,1.693834901E0
1.845969706E2,4.544823071E1,-7.375200701E1,2.426053989E1,7.158019066E0,1.673011017E2,4.121785641E0,1.693403244E0
1.855970146E2,4.544816641E1,-7.375200085E1,2.421942200E1,8.000788689E0,1.686006317E2,4.250193119E0,1.680095792E0
1.865970516E2,4.544809209E1,-7.375198830E1,2.442061732E1,8.888131142E0,1.688636322E2,4.329499245E0,1.698331237E0
1.875970456E2,4.544800946E1,-7.375197050E1,2.451482288E1,9.703012466E0,1.691762543E2,4.283596992E0,1.707329512E0
1.885970316E2,4.544791954E1,-7.375194836E1,2.473409962E1,1.019425297E1,1.694237976E2,4.123510361E0,1.711745858E0
1.895970806E2,4.544782557E1,-7.375192443E1,2.502526775E1,1.034252357E1,1.696775513E2,4.079399109E0,1.694586396E0
1.905970706E2,4.544773015E1,-7.375190071E1,2.505626705E1,1.055614662E1,1.695899658E2,3.985715389E0,1.678600550E0
1.915971016E2,4.544763242E1,-7.375187826E1,2.490500617E1,1.098733711E1,1.694161835E2,3.865283966E0,1.655290484E0
1.925971076E2,4.544753232E1,-7.375185296E1,2.477762580E1,1.141033745E1,1.692098694E2,3.860616207E0,1.643112540E0
1.935971286E2,4.544742969E1,-7.375182715E1,2.454470304E1,1.146998501E1,1.690529785E2,3.825338602E0,1.632495999E0
1.945971356E2,4.544732847E1,-7.375180134E1,2.412186454E1,1.133374310E1,1.687951965E2,3.842857838E0,1.624906063E0
1.955971726E2,4.544722919E1,-7.375177423E1,2.394895940E1,1.115117931E1,1.685896759E2,3.844980240E0,1.622026205E0
1.965971836E2,4.544713295E1,-7.375174934E1,2.356114444E1,1.039778328E1,1.681826019E2,3.864574909E0,1.619227290E0
1.975971676E2,4.544704613E1,-7.375172591E1,2.288971343E1,9.125085831E0,1.642348785E2,3.406102896E0,1.622299910E0
1.985971946E2,4.544697203E1,-7.375168842E1,2.254133113E1,8.386160851E0,1.548564301E2,3.243022442E0,1.645269752E0
1.995972156E2,4.544690851E1,-7.375163386E1,2.256634412E1,8.171648026E0,1.387930756E2,3.147078037E0,1.665290117E0
2.005972256E2,4.544686140E1,-7.375155410E1,2.288076769E1,8.060879707E0,1.197516403E2,3.415327549E0,1.685985804E0
2.015972146E2,4.544683434E1,-7.375145707E1,2.262278147E1,8.160220146E0,1.074308167E2,3.769345760E0,1.696721673E0
2.025972466E2,4.544681685E1,-7.375135172E1,2.266131463E1,8.203591347E0,1.034489746E2,3.640836954E0,1.705240250E0
2.035972896E2,4.544680399E1,-7.375124723E1,2.245691326E1,7.859872341E0,1.015617523E2,3.506637812E0,1.705230594E0
2.045972856E2,4.544679332E1,-7.375114297E1,2.257333609E1,7.680576801E0,1.014661179E2,3.369278431E0,1.697312713E0
2.055972696E2,4.544677817E1,-7.375103861E1,2.274352188E1,7.597188473E0,1.015205917E2,3.179959059E0,1.669991255E0
2.065972916E2,4.544676667E1,-7.375094535E1,2.246986289E1,7.160774708E0,1.014514084E2,3.095863581E0,1.656392097E0
2.075973026E2,4.544675514E1,-7.375085827E1,2.216305888E1,6.656527519E0,1.014293442E2,3.041420937E0,1.642645955E0
2.085973386E2,4.544674663E1,-7.375077598E1,2.195662431E1,6.299269676E0,1.013868332E2,2.965382099E0,1.631199121E0
2.095973416E2,4.544673768E1,-7.375070024E1,2.164590466E1,5.770236969E0,1.012465286E2,2.822032213E0,1.625453591E0
2.105973496E2,4.544673256E1,-7.375063236E1,2.145354765E1,4.352166176E0,1.011460114E2,2.751919508E0,1.608914256E0
2.115974846E2,4.544672905E1,-7.375058798E1,2.115216305E1,2.624226093E0,1.011062012E2,2.813365459E0,1.599652648E0
2.125973686E2,4.544672692E1,-7.375057244E1,2.056211021E1,1.364928246E0,1.011224518E2,2.905969620E0,1.612769723E0
2.135974076E2,4.544672588E1,-7.375056462E1,2.010048857E1,1.381312251E0,1.012042542E2,2.902574062E0,1.620253801E0
2.145973986E2,4.544672387E1,-7.375054906E1,1.993886308E1,2.422721624E0,1.027243042E2,2.789754868E0,1.609297514E0
2.155974646E2,4.544671554E1,-7.375051915E1,1.996292498E1,3.693137646E0,1.125981369E2,2.755752802E0,1.604332685E0
2.165974426E2,4.544669386E1,-7.375047537E1,2.002581411E1,4.665375710E0,1.335497894E2,2.758335590E0,1.598276138E0
2.175974606E2,4.544665627E1,-7.375043988E1,2.029387051E1,5.332376957E0,1.567366028E2,2.780629635E0,1.596330643E0
2.185975116E2,4.544661096E1,-7.375042437E1,1.988087894E1,5.437135220E0,1.666480713E2,2.757927418E0,1.586476922E0
2.195974636E2,4.544656215E1,-7.375041197E1,1.952224948E1,6.234624386E0,1.686809082E2,2.895140648E0,1.577096105E0
2.205975176E2,4.544649955E1,-7.375039717E1,1.914949480E1,7.714017868E0,1.693315430E2,2.967864513E0,1.571742415E0
2.215975056E2,4.544642326E1,-7.375037571E1,1.934572266E1,9.085583687E0,1.694671631E2,3.097790718E0,1.586419821E0
2.225975786E2,4.544633648E1,-7.375034909E1,1.974950959E1,9.692490578E0,1.694584808E2,3.095438004E0,1.600432158E0
2.235975356E2,4.544624644E1,-7.375032510E1,2.008508027E1,9.854528427E0,1.693229828E2,3.085608482E0,1.594954014E0
2.245975506E2,4.544615829E1,-7.375029990E1,2.041495185E1,9.884886742E0,1.690377655E2,3.040321112E0,1.596532345E0
2.255975506E2,4.544606878E1,-7.375027336E1,2.046110101E1,1.013337040E1,1.689338074E2,3.042855263E0,1.597422719E0
2.265975886E2,4.544597765E1,-7.375024594E1,2.037828792E1,1.055303478E1,1.691515961E2,3.021953344E0,1.596323729E0
2.275976776E2,4.544588249E1,-7.375021965E1,2.032902490E1,1.103541470E1,1.693300629E2,2.998929262E0,1.597272396E0
2.285975916E2,4.544578250E1,-7.375019240E1,2.035717471E1,1.107472801E1,1.691543427E2,2.979004622E0,1.595088959E0
2.295976346E2,4.544568384E1,-7.375016628E1,2.049149761E1,1.082231808E1,1.689817200E2,2.967161417E0,1.593935132E0
2.305976396E2,4.544559009E1,-7.375014141E1,2.042666580E1,1.044050884E1,1.687988739E2,2.850878477E0,1.597604275E0
2.315976536E2,4.544550027E1,-7.375011519E1,2.041641116E1,1.032035542E1,1.686250153E2,2.875310421E0,1.601698756E0
2.325976696E2,4.544541012E1,-7.375008687E1,2.043883595E1,1.026784420E1,1.686935120E2,3.039578676E0,1.609688163E0
2.335976616E2,4.544532078E1,-7.375006007E1,2.039246265E1,1.018565464E1,1.687678833E2,3.033486843E0,1.607288003E0
2.345976876E2,4.544523210E1,-7.375003534E1,2.036496602E1,9.880948067E0,1.686064911E2,3.089181900E0,1.607057333E0
2.355977056E2,4.544514652E1,-7.375001334E1,2.031711361E1,9.632310867E0,1.684042664E2,3.121692657E0,1.611529946E0
2.365977206E2,4.544506315E1,-7.374999330E1,2.034663890E1,9.505602837E0,1.686281586E2,3.084941864E0,1.610575795E0
2.375977496E2,4.544497996E1,-7.374997094E1,2.015725671E1,8.924799919E0,1.689391632E2,3.064449787E0,1.609077811E0
2.385977426E2,4.544490248E1,-7.374994847E1,1.990914999E1,7.894536495E0,1.694432678E2,3.026177645E0,1.608996391E0
2.395977676E2,4.544483703E1,-7.374993301E1,1.999495229E1,6.162821770E0,1.748768921E2,3.140919685E0,1.621376276E0
2.405978006E2,4.544478823E1,-7.374994133E1,1.985551569E1,4.979484558E0,1.931743011E2,3.542203426E0,1.637698412E0
2.415977746E2,4.544475339E1,-7.374997548E1,1.973272803E1,4.607085705E0,2.207937622E2,3.632810354E0,1.652511716E0
2.425977846E2,4.544473345E1,-7.375002950E1,1.954099636E1,4.831543922E0,2.461339417E2,3.694225788E0,1.676258326E0
2.435978116E2,4.544472922E1,-7.375010037E1,1.921942764E1,5.975150108E0,2.678667603E2,3.569521666E0,1.689008832E0
2.445978246E2,4.544474203E1,-7.375019093E1,1.879387211E1,7.209511757E0,2.815449219E2,3.541703939E0,1.693041682E0
2.455978536E2,4.544476160E1,-7.375029091E1,1.854163431E1,7.970374107E0,2.841689758E2,3.524881363E0,1.704215407E0
2.465978686E2,4.544478364E1,-7.375039901E1,1.831575709E1,8.331210136E0,2.847188110E2,3.339591980E0,1.712451816E0
2.475978586E2,4.544480391E1,-7.375051104E1,1.831970432E1,8.792406082E0,2.853211060E2,3.310124874E0,1.717002392E0
2.485978926E2,4.544482957E1,-7.375062636E1,1.863035333E1,9.196935654E0,2.854632263E2,3.389028311E0,1.694772840E0
2.495978886E2,4.544485596E1,-7.375074481E1,1.859205794E1,9.449784279E0,2.832045288E2,3.060168266E0,1.688978314E0
2.505980946E2,4.544487603E1,-7.375086544E1,1.831491407E1,9.502137184E0,2.774464722E2,3.013050079E0,1.668625236E0
2.515979186E2,4.544488258E1,-7.375098589E1,1.804548085E1,9.321550369E0,2.711052246E2,2.872156143E0,1.636447310E0
2.525979366E2,4.544487887E1,-7.375110562E1,1.772684636E1,9.126866341E0,2.639664612E2,2.941652775E0,1.642592430E0
2.535979666E2,4.544486689E1,-7.375122139E1,1.750670905E1,8.653577805E0,2.601941528E2,3.081668377E0,1.639518619E0
2.555979876E2,4.544483587E1,-7.375141370E1,1.847959017E1,6.479159355E0,2.590761414E2,2.213161707E0,1.632972240E0
2.565979906E2,4.544482377E1,-7.375148806E1,1.805089171E1,5.383397102E0,2.590213013E2,2.715859413E0,1.637225628E0
2.575980126E2,4.544481426E1,-7.375155026E1,1.880424644E1,4.811263084E0,2.588816223E2,2.404535532E0,1.665601373E0
2.585980366E2,4.544480598E1,-7.375160400E1,1.943182194E1,3.862795591E0,2.589753418E2,2.182440281E0,1.695070505E0
2.595980656E2,4.544479855E1,-7.375163822E1,1.956796657E1,2.049143076E0,2.591101685E2,2.050284863E0,1.703027248E0
2.605980836E2,4.544479659E1,-7.375166189E1,1.954358931E1,1.764341354E0,2.591617432E2,1.925737619E0,1.721820474E0
2.615980536E2,4.544479266E1,-7.375169198E1,1.933464974E1,2.989386559E0,2.591824341E2,1.840227842E0,1.737470150E0
2.625980856E2,4.544478608E1,-7.375174025E1,1.886945946E1,4.805551529E0,2.592235718E2,2.928571701E0,1.760689139E0
2.635980826E2,4.544477435E1,-7.375181449E1,1.876290884E1,6.593841553E0,2.591925964E2,2.613018274E0,1.757385731E0
2.645981316E2,4.544476046E1,-7.375190013E1,1.836301374E1,7.109539032E0,2.591779175E2,2.438775063E0,1.763728738E0
2.655981166E2,4.544474930E1,-7.375198972E1,1.830525130E1,7.093558788E0,2.593534546E2,2.246143341E0,1.744833112E0
2.665981246E2,4.544473870E1,-7.375208424E1,1.847454397E1,8.003317833E0,2.597130737E2,2.052144289E0,1.723870754E0
2.675981516E2,4.544472591E1,-7.375219348E1,1.825784183E1,9.239727974E0,2.596481323E2,1.939447165E0,1.684205770E0
2.685981586E2,4.544470846E1,-7.375231532E1,1.806732292E1,1.026855659E1,2.593418274E2,1.833403945E0,1.688204765E0
2.695981746E2,4.544469108E1,-7.375244818E1,1.822500220E1,1.057250690E1,2.591720886E2,1.738820076E0,1.685628295E0
2.705982516E2,4.544467388E1,-7.375257931E1,1.813444375E1,9.962643623E0,2.592651672E2,1.663364887E0,1.689698339E0
2.715982016E2,4.544465785E1,-7.375269993E1,1.826533461E1,8.902139664E0,2.591630554E2,1.607919216E0,1.685293794E0
2.725982236E2,4.544464462E1,-7.375280261E1,1.828871684E1,6.883008003E0,2.590516052E2,1.550853610E0,1.670205951E0
2.735982266E2,4.544463415E1,-7.375286823E1,1.846724123E1,4.043953896E0,2.589848633E2,1.485344768E0,1.699419141E0
2.745982456E2,4.544463020E1,-7.375289945E1,1.867007566E1,1.867952585E0,2.589500122E2,2.692708015E0,1.681757212E0
2.755982586E2,4.544462536E1,-7.375292886E1,1.861992965E1,2.221349478E0,2.588849182E2,2.404516935E0,1.673510432E0
2.765982636E2,4.544462214E1,-7.375296532E1,1.866959494E1,3.370601416E0,2.588653259E2,2.217463255E0,1.675279498E0
2.775982826E2,4.544461342E1,-7.375302091E1,1.875652612E1,5.353289604E0,2.589501953E2,2.073060751E0,1.696601748E0
2.785983026E2,4.544460037E1,-7.375309986E1,1.835708295E1,7.151225567E0,2.590771790E2,1.969463110E0,1.700914621E0
2.795983116E2,4.544458790E1,-7.375318689E1,1.815351534E1,7.162744045E0,2.592246704E2,2.831945658E0,1.687529087E0
2.805983206E2,4.544457676E1,-7.375327508E1,1.807969858E1,7.532844543E0,2.594229736E2,2.486358404E0,1.672801852E0
2.815983406E2,4.544456505E1,-7.375337368E1,1.780067968E1,8.068870544E0,2.595244446E2,2.212281227E0,1.657164574E0
2.825983636E2,4.544455104E1,-7.375347922E1,1.777631900E1,8.623795509E0,2.598711243E2,2.022854567E0,1.671366692E0
2.835983856E2,4.544453923E1,-7.375358941E1,1.799631892E1,8.917584419E0,2.620737915E2,1.891539097E0,1.676936150E0
2.845984426E2,4.544453176E1,-7.375370306E1,1.839679658E1,8.823030472E0,2.666919861E2,1.798721194E0,1.672916651E0
2.855984046E2,4.544453049E1,-7.375381552E1,1.868180634E1,9.125222206E0,2.726277161E2,1.713698864E0,1.680717587E0
2.865984326E2,4.544453696E1,-7.375393638E1,1.857661642E1,9.596511841E0,2.773973083E2,1.601306200E0,1.655120134E0
2.875984616E2,4.544454721E1,-7.375406787E1,1.867816504E1,1.014869213E1,2.795347290E2,1.483918786E0,1.637129545E0
2.885984256E2,4.544456348E1,-7.375420316E1,1.867500383E1,1.095530319E1,2.817871399E2,2.370260000E0,1.619068384E0
2.895984436E2,4.544458435E1,-7.375434577E1,1.863826284E1,1.172762394E1,2.839217834E2,2.076342344E0,1.611042142E0
2.905985006E2,4.544460908E1,-7.375448981E1,1.934065465E1,1.154101944E1,2.849110107E2,1.833545923E0,1.663890958E0
2.915984886E2,4.544463376E1,-7.375463230E1,1.966620050E1,1.170513535E1,2.841050415E2,1.662809014E0,1.623518586E0
2.925985326E2,4.544465842E1,-7.375477969E1,2.001098680E1,1.195147419E1,2.831618042E2,1.537698746E0,1.620956182E0
2.935985156E2,4.544468060E1,-7.375493039E1,2.040590312E1,1.207711887E1,2.825739746E2,2.386581182E0,1.606197119E0
2.945985246E2,4.544470394E1,-7.375508273E1,2.090766378E1,1.221922112E1,2.824456482E2,2.082871914E0,1.619939089E0
2.955985416E2,4.544472499E1,-7.375523702E1,2.117559046E1,1.218260956E1,2.821870117E2,2.578726292E0,1.629271746E0
2.965986046E2,4.544474583E1,-7.375539219E1,2.105942345E1,1.196479797E1,2.818769226E2,2.169156551E0,1.630330205E0
2.975985576E2,4.544476802E1,-7.375554052E1,2.079946582E1,1.147475433E1,2.817051697E2,1.921010971E0,1.617106199E0
2.985985876E2,4.544478806E1,-7.375567805E1,2.092734028E1,1.053258324E1,2.816597290E2,2.548530102E0,1.621878505E0
2.995985806E2,4.544480369E1,-7.375580005E1,2.142327962E1,9.113974571E0,2.816232910E2,2.135131836E0,1.608965874E0
3.005986446E2,4.544481962E1,-7.375590522E1,2.195551293E1,7.575009346E0,2.815668030E2,1.926236868E0,1.617378354E0
3.015986206E2,4.544483473E1,-7.375598785E1,2.175606478E1,5.617983818E0,2.815643616E2,1.788170815E0,1.634817958E0
3.025986346E2,4.544484198E1,-7.375604512E1,2.186580538E1,3.398066759E0,2.815578918E2,1.670364857E0,1.642082453E0
3.035986496E2,4.544484628E1,-7.375607518E1,2.240478715E1,1.921462893E0,2.815097351E2,2.698603630E0,1.683266044E0
3.045986606E2,4.544484883E1,-7.375609619E1,2.238537241E1,2.016961336E0,2.814729309E2,2.821494341E0,1.689715505E0
3.055986766E2,4.544485381E1,-7.375612378E1,2.234937775E1,2.838556528E0,2.813746033E2,2.828981876E0,1.687201381E0
3.065986926E2,4.544486081E1,-7.375616969E1,2.226937086E1,4.424727917E0,2.813807373E2,2.848668575E0,1.693103433E0
3.075987096E2,4.544487199E1,-7.375623782E1,2.222651872E1,5.919058323E0,2.816620178E2,2.754498720E0,1.665793896E0
3.085987396E2,4.544488566E1,-7.375632394E1,2.209309705E1,6.350195408E0,2.819794617E2,2.741212368E0,1.668601871E0
3.095987326E2,4.544489720E1,-7.375641725E1,2.163645733E1,6.650506973E0,2.822353821E2,2.805599689E0,1.665131450E0
3.105987406E2,4.544491185E1,-7.375651246E1,2.149662710E1,7.511078835E0,2.819718323E2,2.755464077E0,1.650518298E0
3.115987556E2,4.544492682E1,-7.375661941E1,2.148828404E1,8.604052544E0,2.813822937E2,2.768911839E0,1.633119464E0
3.125987676E2,4.544494401E1,-7.375674298E1,2.155338423E1,9.727775574E0,2.808183289E2,2.824518681E0,1.630997181E0
3.135987866E2,4.544496354E1,-7.375688012E1,2.140070133E1,1.023964787E1,2.807756042E2,2.753036976E0,1.620018601E0
3.145987966E2,4.544498047E1,-7.375701686E1,2.138649112E1,1.031750202E1,2.807767639E2,2.722044468E0,1.612809658E0
3.155988196E2,4.544499703E1,-7.375715491E1,2.148037455E1,1.064236450E1,2.808699646E2,2.749792814E0,1.610078573E0
3.165988546E2,4.544501583E1,-7.375729539E1,2.134870465E1,1.085672760E1,2.807308960E2,2.718734264E0,1.601051688E0
3.175988636E2,4.544503464E1,-7.375743422E1,2.127211059E1,1.055003262E1,2.806641541E2,2.721647739E0,1.594963193E0
3.185988746E2,4.544505323E1,-7.375756601E1,2.141654408E1,1.028499603E1,2.807172546E2,2.728228807E0,1.595931053E0
3.195988586E2,4.544507165E1,-7.375769458E1,2.126289155E1,1.004732132E1,2.821693726E2,2.699319839E0,1.592895508E0
3.205988706E2,4.544509170E1,-7.375781472E1,2.129661128E1,9.540703773E0,2.842756653E2,2.705374241E0,1.594646335E0
3.215988876E2,4.544511097E1,-7.375792805E1,2.144345490E1,9.255570412E0,2.847803955E2,2.737183094E0,1.598236084E0
3.225988986E2,4.544513005E1,-7.375803642E1,2.179347246E1,9.015959740E0,2.838025513E2,2.751836061E0,1.600388288E0
3.235989146E2,4.544514644E1,-7.375814462E1,2.184425689E1,8.539131165E0,2.826938782E2,2.813403606E0,1.612457275E0
3.245989396E2,4.544516142E1,-7.375824119E1,2.197961651E1,7.592514038E0,2.822643127E2,2.789804459E0,1.613564134E0
3.255989766E2,4.544517443E1,-7.375832469E1,2.186251592E1,6.085936546E0,2.802598877E2,2.865056753E0,1.624504328E0
3.265989556E2,4.544517985E1,-7.375839348E1,2.140297744E1,5.565068245E0,2.638677368E2,2.835737944E0,1.620364189E0
3.275989666E2,4.544516419E1,-7.375845266E1,2.121129412E1,5.185928345E0,2.397129822E2,2.831823349E0,1.617152691E0
3.285989986E2,4.544512820E1,-7.375849656E1,2.098268599E1,5.060870171E0,2.125473328E2,2.922669888E0,1.626191020E0
3.295990186E2,4.544507821E1,-7.375851387E1,2.075010932E1,5.475794315E0,1.881318512E2,2.982638359E0,1.610130906E0
3.305990326E2,4.544501984E1,-7.375850622E1,2.066789612E1,6.437410831E0,1.738884888E2,2.928193569E0,1.600452781E0
3.315990276E2,4.544495274E1,-7.375848787E1,2.076477526E1,7.597127914E0,1.702233887E2,2.891016483E0,1.599255085E0
3.325990756E2,4.544487946E1,-7.375846318E1,2.075540932E1,8.666054726E0,1.689913483E2,2.984079123E0,1.617019296E0
3.335990716E2,4.544479807E1,-7.375843194E1,2.099194337E1,9.182907104E0,1.681873322E2,3.108441830E0,1.635646462E0
3.345990886E2,4.544471715E1,-7.375839872E1,2.079783353E1,9.132044792E0,1.676957550E2,3.281214952E0,1.653000236E0
3.355990856E2,4.544463488E1,-7.375836580E1,2.062165977E1,9.438256264E0,1.673766022E2,3.450252533E0,1.669918418E0
3.365991216E2,4.544454937E1,-7.375833708E1,2.035425775E1,9.624156952E0,1.677067413E2,3.281774282E0,1.675843239E0
3.375991126E2,4.544446060E1,-7.375830876E1,2.018892340E1,9.431743622E0,1.674741516E2,3.262068987E0,1.679745317E0
3.385991576E2,4.544437500E1,-7.375827952E1,2.001964210E1,9.426161766E0,1.663929291E2,3.191831112E0,1.676906466E0
3.395991616E2,4.544429146E1,-7.375825126E1,2.002647642E1,9.291780472E0,1.662567291E2,3.098257542E0,1.678141832E0
3.405991726E2,4.544420890E1,-7.375822488E1,1.967476941E1,9.338007927E0,1.670261993E2,3.027269363E0,1.671596527E0
3.415991866E2,4.544412631E1,-7.375819971E1,1.953481185E1,9.333238602E0,1.675164032E2,3.021479845E0,1.663406849E0
3.425991776E2,4.544404302E1,-7.375817528E1,1.955016226E1,9.577991486E0,1.678433990E2,3.009487152E0,1.664246798E0
3.435991956E2,4.544395602E1,-7.375815160E1,1.939130700E1,1.004873562E1,1.682515869E2,2.981484890E0,1.659301400E0
3.445992196E2,4.544386517E1,-7.375812753E1,1.893024558E1,1.046083260E1,1.688667145E2,2.979900122E0,1.652524710E0
3.455992306E2,4.544376920E1,-7.375810127E1,1.867793668E1,1.094337749E1,1.700784912E2,2.957246065E0,1.648710132E0
3.465992656E2,4.544367137E1,-7.375807784E1,1.851612337E1,1.129109764E1,1.709854126E2,2.985766411E0,1.645454884E0
3.475992756E2,4.544356904E1,-7.375805516E1,1.850808852E1,1.162191772E1,1.711537476E2,3.204642296E0,1.656851053E0
3.485992586E2,4.544346422E1,-7.375803175E1,1.862553578E1,1.180873203E1,1.708562012E2,3.276093006E0,1.662220716E0
3.495992776E2,4.544335786E1,-7.375800692E1,1.859213682E1,1.173323154E1,1.701534271E2,3.297443390E0,1.670934200E0
3.505992796E2,4.544325493E1,-7.375797965E1,1.907720083E1,1.140983391E1,1.700005646E2,3.371991634E0,1.683209062E0
3.515993116E2,4.544315643E1,-7.375795196E1,1.967752959E1,1.075991058E1,1.698675079E2,3.379668236E0,1.696210265E0
3.525993196E2,4.544306678E1,-7.375792674E1,1.999976398E1,9.662274361E0,1.695352325E2,3.357471228E0,1.711521864E0
3.535993326E2,4.544298939E1,-7.375790448E1,2.030998816E1,8.805432320E0,1.692512207E2,3.319339752E0,1.721703410E0
3.545993456E2,4.544291951E1,-7.375788282E1,2.053747999E1,7.553805828E0,1.690323029E2,3.323760986E0,1.730595589E0
3.555993586E2,4.544286337E1,-7.375786669E1,2.048715416E1,6.056854725E0,1.731614075E2,3.487176895E0,1.735804796E0
3.565993646E2,4.544281134E1,-7.375786738E1,2.094997736E1,5.736704826E0,1.892892609E2,3.314908504E0,1.696627140E0
3.575993876E2,4.544277002E1,-7.375789882E1,2.059442861E1,5.671909332E0,2.112010803E2,3.100232363E0,1.663074493E0
3.585993916E2,4.544273472E1,-7.375794944E1,2.083253461E1,5.692370415E0,2.337187042E2,3.111868382E0,1.662079453E0
3.595994036E2,4.544271543E1,-7.375803063E1,2.024939411E1,6.323235512E0,2.534705658E2,3.389608383E0,1.651973128E0
3.605994246E2,4.544270777E1,-7.375812401E1,1.978162869E1,7.046797276E0,2.628455200E2,3.465183735E0,1.639750242E0
3.615994606E2,4.544270693E1,-7.375822502E1,1.954857503E1,7.714882374E0,2.650634460E2,3.553158760E0,1.640262365E0
3.625994496E2,4.544270641E1,-7.375833146E1,1.925230888E1,8.054743767E0,2.662986145E2,3.462994099E0,1.633932471E0
3.635994586E2,4.544270577E1,-7.375843640E1,1.901634571E1,7.860876560E0,2.665513000E2,3.016450882E0,1.625267029E0
3.645994796E2,4.544270254E1,-7.375853464E1,1.890474024E1,7.300305367E0,2.669554443E2,2.917959213E0,1.619004369E0
3.655995026E2,4.544269887E1,-7.375862142E1,1.881160781E1,6.607571602E0,2.672716370E2,2.840865850E0,1.614040732E0
3.665994936E2,4.544269563E1,-7.375869807E1,1.892217003E1,5.358013630E0,2.675541687E2,2.878892422E0,1.616091609E0
3.675995516E2,4.544269230E1,-7.375875114E1,1.922541764E1,3.442943573E0,2.677752686E2,2.855384588E0,1.613520145E0
3.685995376E2,4.544269261E1,-7.375877249E1,1.931711345E1,1.994383335E0,2.677923889E2,2.835099936E0,1.614582539E0
3.695996366E2,4.544269213E1,-7.375878578E1,1.946076509E1,2.035552979E0,2.649109497E2,2.861233473E0,1.615141869E0
3.705995666E2,4.544268657E1,-7.375881204E1,1.959763175E1,3.040998697E0,2.530192261E2,3.000724554E0,1.616994023E0
3.715995756E2,4.544267165E1,-7.375884562E1,1.979282113E1,3.898759842E0,2.317478027E2,3.088410616E0,1.624809146E0
3.725995826E2,4.544264114E1,-7.375887382E1,1.969755317E1,4.701869965E0,2.066419067E2,3.135921478E0,1.623706579E0
3.735996946E2,4.544259275E1,-7.375888567E1,1.960087424E1,5.426667213E0,1.877233429E2,3.111623526E0,1.619550586E0
3.745996686E2,4.544254118E1,-7.375888345E1,1.947271034E1,5.576910496E0,1.755369568E2,2.913174629E0,1.612937450E0
3.755996366E2,4.544248591E1,-7.375886664E1,1.920131779E1,6.694643974E0,1.701439209E2,2.834768295E0,1.602658868E0
3.765996856E2,4.544241976E1,-7.375884134E1,1.912580376E1,7.908763885E0,1.680787964E2,2.828538656E0,1.599264979E0
3.775997046E2,4.544234459E1,-7.375881006E1,1.904313501E1,8.583537102E0,1.679866791E2,2.868533611E0,1.599714994E0
3.785997076E2,4.544226643E1,-7.375878335E1,1.937014825E1,8.367306709E0,1.682192993E2,2.835693359E0,1.610345364E0
3.795996836E2,4.544219304E1,-7.375875907E1,1.967921644E1,7.796766758E0,1.678952637E2,2.844749689E0,1.614494920E0
3.805996906E2,4.544212963E1,-7.375873469E1,1.989710315E1,6.589984894E0,1.679248199E2,2.850271225E0,1.628782988E0
3.815997056E2,4.544208077E1,-7.375871574E1,1.979849799E1,4.371337891E0,1.682245331E2,2.868791342E0,1.635126114E0
3.825997626E2,4.544205540E1,-7.375870429E1,1.958783163E1,2.511201143E0,1.685092773E2,3.431709766E0,1.641232967E0
3.835997356E2,4.544203778E1,-7.375869960E1,1.962168959E1,2.231746435E0,1.751739502E2,3.558406591E0,1.656206369E0
3.845997556E2,4.544201728E1,-7.375870493E1,1.934028688E1,2.865712643E0,1.908340759E2,3.637284994E0,1.657572627E0
3.855997696E2,4.544199155E1,-7.375872606E1,1.922784837E1,3.483258247E0,2.124814453E2,3.488621712E0,1.666136622E0
3.865998736E2,4.544197496E1,-7.375877463E1,1.855217473E1,4.590621948E0,2.395677185E2,3.101907492E0,1.655930638E0
3.875998636E2,4.544196073E1,-7.375883802E1,1.844554224E1,4.778168201E0,2.577999878E2,3.053618908E0,1.641924143E0
3.885998036E2,4.544195791E1,-7.375890355E1,1.822690187E1,5.341272831E0,2.642693176E2,3.027308941E0,1.647636056E0
3.895998196E2,4.544195797E1,-7.375898974E1,1.835535993E1,6.543407440E0,2.658153381E2,2.924273968E0,1.643548846E0
3.905998346E2,4.544195923E1,-7.375908447E1,1.857739394E1,7.450479507E0,2.665543518E2,2.889993668E0,1.635829329E0
3.915998566E2,4.544195955E1,-7.375918748E1,1.869425597E1,8.191837311E0,2.667628174E2,2.910188675E0,1.645174265E0
3.925998596E2,4.544195490E1,-7.375929912E1,1.870177519E1,8.324433327E0,2.667888489E2,2.835473299E0,1.648355246E0
3.935998836E2,4.544194845E1,-7.375940499E1,1.872063516E1,7.522857189E0,2.665499573E2,2.853298664E0,1.640620351E0
3.945999156E2,4.544194390E1,-7.375948841E1,1.852625947E1,5.569430351E0,2.663892822E2,3.081886292E0,1.650845885E0
3.955999456E2,4.544194033E1,-7.375954810E1,1.851912366E1,3.458453655E0,2.662756958E2,3.227883816E0,1.670980453E0
3.965999076E2,4.544193838E1,-7.375958322E1,1.875214863E1,2.793601751E0,2.661514587E2,3.337215424E0,1.677655339E0
3.975999856E2,4.544193656E1,-7.375961430E1,1.942603420E1,3.156034231E0,2.660868530E2,3.302741051E0,1.674592972E0
3.985999626E2,4.544193253E1,-7.375965932E1,1.986386923E1,4.687447548E0,2.660222168E2,3.067293167E0,1.657198191E0
3.995999756E2,4.544192922E1,-7.375972169E1,2.028312760E1,6.121853352E0,2.659803772E2,2.892830849E0,1.640441298E0
4.006000076E2,4.544192520E1,-7.375980288E1,2.081345660E1,6.126461506E0,2.660999451E2,2.875258684E0,1.633084178E0
4.015999926E2,4.544192184E1,-7.375988220E1,2.097586958E1,6.546505928E0,2.666014404E2,2.800630569E0,1.626129508E0
4.026000406E2,4.544191733E1,-7.375997019E1,2.095162687E1,7.362076759E0,2.671347351E2,2.800103903E0,1.624222040E0
4.036000196E2,4.544191264E1,-7.376006759E1,2.065085141E1,8.294367790E0,2.674514160E2,2.821155787E0,1.622355819E0
4.046000336E2,4.544190791E1,-7.376017909E1,2.053071261E1,9.214991570E0,2.675476685E2,2.891387939E0,1.619130373E0
4.056000526E2,4.544190165E1,-7.376030350E1,2.034244271E1,9.908453941E0,2.672887268E2,3.035257339E0,1.631047130E0
4.066000586E2,4.544189559E1,-7.376043372E1,2.013092618E1,1.029877663E1,2.668106079E2,3.088101387E0,1.649250150E0
4.076000856E2,4.544188913E1,-7.376056642E1,1.997939765E1,1.033531570E1,2.664938049E2,3.147975445E0,1.659227014E0
4.086001016E2,4.544188279E1,-7.376069794E1,1.999856698E1,1.030686760E1,2.665349731E2,3.099552631E0,1.669824839E0
4.096000816E2,4.544187585E1,-7.376082976E1,2.021775005E1,1.009201241E1,2.666778259E2,2.869795799E0,1.657079220E0
4.106001386E2,4.544186972E1,-7.376095270E1,2.030097494E1,9.393404007E0,2.664935913E2,3.057497263E0,1.663824677E0
4.116001196E2,4.544186421E1,-7.376106304E1,2.027322978E1,8.172291756E0,2.663280640E2,3.145156384E0,1.675280094E0
4.126001486E2,4.544186076E1,-7.376115691E1,2.016959850E1,6.615028858E0,2.662422485E2,3.109562874E0,1.675384045E0
4.136001586E2,4.544185885E1,-7.376122662E1,2.034524469E1,4.915408611E0,2.662202759E2,3.137470245E0,1.676656246E0
4.146001586E2,4.544185772E1,-7.376127299E1,2.049289983E1,2.766629457E0,2.662207031E2,3.151327133E0,1.684771061E0
4.156001836E2,4.544185824E1,-7.376129675E1,2.029521365E1,2.222477913E0,2.656766357E2,3.134291172E0,1.685616732E0
4.166001976E2,4.544185613E1,-7.376132181E1,2.025158911E1,2.712723494E0,2.586601868E2,3.114632130E0,1.684790850E0
4.176001976E2,4.544184753E1,-7.376135048E1,1.991480693E1,3.234534502E0,2.430600128E2,3.070840359E0,1.683403850E0
4.186002296E2,4.544182440E1,-7.376138791E1,1.962440840E1,4.319292545E0,2.222043915E2,3.180167198E0,1.684188604E0
4.196002276E2,4.544178488E1,-7.376141674E1,1.921034000E1,5.091520309E0,2.001737061E2,3.105395317E0,1.688670874E0
4.206002476E2,4.544173452E1,-7.376142072E1,1.923566670E1,5.127105236E0,1.834715729E2,3.022072792E0,1.650339961E0
4.216002476E2,4.544167955E1,-7.376141123E1,1.884174418E1,6.023518085E0,1.740440216E2,2.962556362E0,1.640167117E0
4.226002916E2,4.544161604E1,-7.376139098E1,1.891456023E1,7.299904823E0,1.688708191E2,2.892174721E0,1.628824592E0
4.236003186E2,4.544154283E1,-7.376136566E1,1.913313377E1,8.529229164E0,1.677987671E2,2.912597418E0,1.634732008E0
4.246003016E2,4.544145652E1,-7.376133726E1,1.934808957E1,9.741669655E0,1.681314240E2,2.886823177E0,1.633864403E0
4.256003216E2,4.544136161E1,-7.376130427E1,1.944122662E1,1.053327274E1,1.680753784E2,2.870267391E0,1.637291908E0
4.266003296E2,4.544126417E1,-7.376127105E1,1.969264488E1,1.057045460E1,1.677240753E2,2.902629852E0,1.633192182E0
4.276003446E2,4.544116628E1,-7.376124204E1,1.997462157E1,1.063335705E1,1.674971313E2,2.930186510E0,1.626547456E0
4.286003486E2,4.544106632E1,-7.376121173E1,2.035910546E1,1.068406582E1,1.675865784E2,2.911746264E0,1.619695425E0
4.296003536E2,4.544096956E1,-7.376118380E1,2.067190759E1,1.069056416E1,1.675345001E2,2.946021318E0,1.621880889E0
4.306003746E2,4.544087511E1,-7.376115678E1,2.083767794E1,1.035672855E1,1.676740417E2,2.956829071E0,1.627426267E0
4.316003826E2,4.544078614E1,-7.376112857E1,2.088364051E1,9.940493584E0,1.673890228E2,2.886771441E0,1.625801802E0
4.326004196E2,4.544070151E1,-7.376110137E1,2.085309849E1,9.472949028E0,1.673269806E2,2.893095493E0,1.635412335E0
4.336004106E2,4.544062171E1,-7.376107842E1,2.104135133E1,8.639102936E0,1.675077057E2,2.874577284E0,1.637498140E0
4.346004516E2,4.544054989E1,-7.376105637E1,2.123591651E1,7.530970573E0,1.683962250E2,2.888436794E0,1.631698132E0
4.356004356E2,4.544049155E1,-7.376104293E1,2.116460306E1,6.032969952E0,1.708664093E2,2.879508972E0,1.633606672E0
4.366004696E2,4.544044792E1,-7.376103848E1,2.095838010E1,3.862974882E0,1.749889069E2,2.858707905E0,1.628613234E0
4.376004716E2,4.544042588E1,-7.376103906E1,2.046506774E1,2.853086710E0,1.792154236E2,2.832250118E0,1.603088975E0
4.386005076E2,4.544040717E1,-7.376104968E1,1.979419909E1,3.119076014E0,1.904603119E2,2.834353924E0,1.596164346E0
4.396005166E2,4.544038079E1,-7.376107328E1,1.916919003E1,3.700722694E0,2.138723907E2,2.864154339E0,1.587566972E0
4.406005096E2,4.544036193E1,-7.376111631E1,1.898421839E1,4.421624660E0,2.454997711E2,2.871512413E0,1.592618942E0
4.416005116E2,4.544036165E1,-7.376117482E1,1.882605257E1,4.290875435E0,2.757479553E2,2.943976402E0,1.596871138E0
4.426006196E2,4.544037721E1,-7.376123673E1,1.846355514E1,5.019372940E0,2.906744690E2,2.964304924E0,1.620557547E0
4.436005566E2,4.544040314E1,-7.376130252E1,1.793699921E1,6.193912506E0,2.919908142E2,2.980934620E0,1.640395284E0
4.446005556E2,4.544043234E1,-7.376138902E1,1.764887587E1,7.796188354E0,2.890886841E2,2.969182491E0,1.635359645E0
4.456005606E2,4.544046245E1,-7.376149952E1,1.754893823E1,9.226574898E0,2.881008911E2,2.801056147E0,1.635927916E0
4.466006016E2,4.544049184E1,-7.376162570E1,1.741409600E1,9.845159531E0,2.873580017E2,2.787855148E0,1.637344956E0
4.476006136E2,4.544051559E1,-7.376175481E1,1.734518187E1,9.999384880E0,2.862238770E2,2.790333033E0,1.647057533E0
4.486006556E2,4.544053929E1,-7.376188715E1,1.770113886E1,1.012963486E1,2.851095886E2,2.767110825E0,1.644138336E0
4.496006746E2,4.544056169E1,-7.376201494E1,1.810232506E1,9.957589149E0,2.841487427E2,2.769222975E0,1.643300533E0
4.506006406E2,4.544058150E1,-7.376213826E1,1.849193407E1,1.005109406E1,2.831698303E2,2.775106430E0,1.649533272E0
4.516006716E2,4.544060111E1,-7.376226446E1,1.887569828E1,1.016192150E1,2.824430542E2,2.882801056E0,1.656547904E0
4.526006776E2,4.544061863E1,-7.376239093E1,1.973631802E1,1.035106945E1,2.818988953E2,2.845337868E0,1.683161855E0
4.536006856E2,4.544063820E1,-7.376252940E1,1.996289206E1,1.079971790E1,2.807843323E2,2.823803902E0,1.700350523E0
4.546006946E2,4.544065612E1,-7.376267392E1,2.007332749E1,1.098859215E1,2.790819702E2,2.837607622E0,1.713543653E0
4.556007016E2,4.544066948E1,-7.376281747E1,1.996948192E1,1.075720596E1,2.768941650E2,2.833749771E0,1.719293356E0
4.566007366E2,4.544067835E1,-7.376295205E1,2.027638214E1,1.044094086E1,2.745675049E2,2.855480194E0,1.703180194E0
4.576007336E2,4.544068459E1,-7.376308430E1,2.011232539E1,1.018941498E1,2.731542358E2,2.827695370E0,1.688591957E0
4.586007806E2,4.544068810E1,-7.376321072E1,1.982535224E1,9.967421532E0,2.701506653E2,2.816231251E0,1.678401351E0
4.596007626E2,4.544068378E1,-7.376333371E1,1.921018595E1,1.001076984E1,2.645402527E2,2.859326839E0,1.671965599E0
4.606007806E2,4.544067030E1,-7.376346014E1,1.892944005E1,1.033627224E1,2.591013184E2,2.833697319E0,1.649793267E0
4.616007836E2,4.544064616E1,-7.376359096E1,1.893994544E1,1.064707184E1,2.529719391E2,2.918516159E0,1.651335239E0
4.626008636E2,4.544060934E1,-7.376372367E1,1.881237788E1,1.088263130E1,2.470211945E2,2.959981441E0,1.660969853E0
4.636008226E2,4.544056195E1,-7.376385431E1,1.907252236E1,1.113978577E1,2.433777924E2,2.974346161E0,1.667963028E0
4.646008326E2,4.544050990E1,-7.376398249E1,1.917041240E1,1.140591908E1,2.425212402E2,3.034365177E0,1.679138184E0
4.656008356E2,4.544045913E1,-7.376411351E1,1.919529270E1,1.163052654E1,2.449228821E2,3.054548264E0,1.691687226E0
4.666008506E2,4.544041485E1,-7.376425053E1,1.918881744E1,1.178923893E1,2.495624237E2,3.055713415E0,1.701460242E0
4.676009356E2,4.544038103E1,-7.376439637E1,1.922762248E1,1.203860664E1,2.553470612E2,3.115724564E0,1.718460917E0
4.686008796E2,4.544036043E1,-7.376455121E1,1.864871252E1,1.229322910E1,2.603080139E2,3.051505566E0,1.718713045E0
4.696009216E2,4.544034779E1,-7.376470932E1,1.831316030E1,1.246620846E1,2.637660828E2,2.989869595E0,1.713930368E0
4.706010026E2,4.544033918E1,-7.376487107E1,1.860730278E1,1.262884903E1,2.653840942E2,2.932831287E0,1.699170589E0
4.716009646E2,4.544033072E1,-7.376503221E1,1.904265420E1,1.253808975E1,2.659552002E2,2.996134281E0,1.692430496E0
4.736009456E2,4.544031483E1,-7.376535803E1,1.937817174E1,1.292114735E1,2.665535889E2,2.581066132E0,1.695275426E0
4.746009546E2,4.544031013E1,-7.376552365E1,1.987092451E1,1.284511852E1,2.663500671E2,2.270735264E0,1.696658850E0
4.756009756E2,4.544030331E1,-7.376568705E1,2.000154251E1,1.274202824E1,2.661489563E2,2.053951979E0,1.702360749E0
4.766009976E2,4.544029800E1,-7.376584965E1,2.036098826E1,1.267999935E1,2.664937744E2,1.886988759E0,1.714800358E0
4.776010166E2,4.544029093E1,-7.376601397E1,2.103538517E1,1.286143875E1,2.666253357E2,1.757744193E0,1.694643974E0
4.786010106E2,4.544028241E1,-7.376617584E1,2.060280160E1,1.284916115E1,2.665347290E2,2.701734543E0,1.710574150E0
4.796010256E2,4.544027568E1,-7.376633468E1,2.074589071E1,1.240141296E1,2.663301086E2,2.320207596E0,1.721227169E0
4.806010416E2,4.544027132E1,-7.376648820E1,2.100136749E1,1.196143818E1,2.661503601E2,2.076935291E0,1.710511565E0
4.816010496E2,4.544026551E1,-7.376663447E1,2.108541141E1,1.143029213E1,2.662243347E2,1.889770389E0,1.696742296E0
4.826010726E2,4.544026054E1,-7.376677615E1,2.129023015E1,1.101411343E1,2.665591125E2,1.751565099E0,1.687158942E0
4.836010806E2,4.544025435E1,-7.376691244E1,2.124073763E1,1.072547054E1,2.668146362E2,1.642094493E0,1.676735759E0
4.846010976E2,4.544025087E1,-7.376704484E1,2.135152578E1,1.050312233E1,2.684214172E2,1.557826042E0,1.675257683E0
4.856011076E2,4.544025135E1,-7.376717814E1,2.103664055E1,1.047269154E1,2.722315979E2,1.496949911E0,1.700583339E0
4.866011166E2,4.544025967E1,-7.376731358E1,2.064317653E1,1.067646790E1,2.790686951E2,2.608293295E0,1.731042981E0
4.876011386E2,4.544028155E1,-7.376745097E1,2.008651858E1,1.076149273E1,2.868360291E2,2.885302782E0,1.747940898E0
4.896011566E2,4.544035908E1,-7.376769511E1,1.949026805E1,1.051686192E1,2.987938538E2,2.021977425E0,1.707339168E0
4.906011696E2,4.544040755E1,-7.376781259E1,1.947545281E1,1.073938274E1,3.007212219E2,1.857267618E0,1.703146219E0
4.916011826E2,4.544045697E1,-7.376793127E1,1.947014285E1,1.058357334E1,3.010999756E2,1.732030630E0,1.714516759E0
4.926011986E2,4.544050494E1,-7.376804367E1,1.961672477E1,1.017311764E1,3.012735901E2,1.621245503E0,1.721188068E0
4.936012206E2,4.544055407E1,-7.376815554E1,1.997220749E1,1.023211193E1,3.014629822E2,1.504906416E0,1.705630541E0
4.946012196E2,4.544060493E1,-7.376826541E1,2.005582080E1,9.931395531E0,3.016647034E2,1.409140706E0,1.673860073E0
4.956012736E2,4.544065271E1,-7.376837406E1,1.988369433E1,9.801934242E0,3.019002991E2,1.330134630E0,1.655059814E0
4.966012566E2,4.544069836E1,-7.376847788E1,1.998945164E1,9.588211060E0,3.020858765E2,1.263197064E0,1.640597105E0
4.976013716E2,4.544074488E1,-7.376857895E1,1.970049965E1,9.372216225E0,3.019594116E2,1.205067277E0,1.631021142E0
4.986016906E2,4.544079125E1,-7.376867870E1,1.947493363E1,9.250758171E0,3.017035828E2,1.153953791E0,1.623557448E0
4.996013876E2,4.544083395E1,-7.376878068E1,1.926352541E1,9.340048790E0,3.011525879E2,1.109153152E0,1.619746923E0
5.006013066E2,4.544087728E1,-7.376888537E1,1.920936489E1,9.350273132E0,3.005704346E2,2.276273251E0,1.620517731E0
5.016013126E2,4.544091803E1,-7.376898928E1,1.891265828E1,9.187916756E0,2.987861023E2,2.544177055E0,1.619134545E0
5.026013606E2,4.544095343E1,-7.376909542E1,1.882220961E1,9.063370705E0,2.951433716E2,2.649540424E0,1.621989727E0
5.036013626E2,4.544098459E1,-7.376920169E1,1.851862589E1,8.914577484E0,2.909876404E2,2.709671736E0,1.617361188E0
5.046013536E2,4.544100523E1,-7.376930794E1,1.827621025E1,8.953505516E0,2.857714233E2,2.732186556E0,1.623922706E0
5.056014316E2,4.544102126E1,-7.376942278E1,1.833861453E1,8.809486389E0,2.806716919E2,2.837077856E0,1.660526752E0
5.066014026E2,4.544103044E1,-7.376953443E1,1.843917011E1,8.190809250E0,2.762530518E2,2.909684896E0,1.672287345E0
5.076013916E2,4.544103180E1,-7.376963260E1,1.847708907E1,7.271790028E0,2.719232788E2,2.949634075E0,1.700893402E0
5.086014096E2,4.544102865E1,-7.376971810E1,1.852728801E1,6.699772835E0,2.678977051E2,2.994729280E0,1.723305702E0
5.096014266E2,4.544102219E1,-7.376979713E1,1.862477608E1,6.017238140E0,2.642810364E2,2.909843683E0,1.733232021E0
5.106014626E2,4.544101499E1,-7.376986414E1,1.901218291E1,4.671001911E0,2.612035522E2,2.898171425E0,1.720942259E0
5.116014766E2,4.544100787E1,-7.376991069E1,1.909824671E1,3.017365932E0,2.591443176E2,2.913633823E0,1.687703848E0
5.126014626E2,4.544100039E1,-7.376993759E1,1.914024856E1,2.018276691E0,2.584848328E2,2.940151215E0,1.672346711E0
5.136014726E2,4.544099859E1,-7.376994955E1,1.928854944E1,1.173659921E0,2.582699890E2,3.185956001E0,1.673526645E0
5.156015786E2,4.544099844E1,-7.376994910E1,2.042272537E1,9.340400249E-2,2.581236877E2,2.816619158E0,1.689444900E0
5.166015186E2,4.544099833E1,-7.376994958E1,2.086475043E1,1.652554274E-1,2.581144104E2,2.538019896E0,1.698550344E0
5.176015276E2,4.544099647E1,-7.376996197E1,2.057876627E1,1.312642813E0,2.580685425E2,2.363548040E0,1.701837659E0
5.186015626E2,4.544099270E1,-7.376998421E1,2.054035356E1,2.387070894E0,2.578696594E2,2.188295603E0,1.726902962E0
5.196015596E2,4.544098684E1,-7.377001996E1,2.097347679E1,3.533517838E0,2.578471985E2,1.926522255E0,1.718602419E0
5.206015966E2,4.544097902E1,-7.377007181E1,2.125630551E1,4.653444290E0,2.580838013E2,1.750513792E0,1.701763868E0
5.216015826E2,4.544096805E1,-7.377013632E1,2.144139430E1,5.914863110E0,2.586430359E2,1.667590618E0,1.704217792E0
5.226015946E2,4.544095078E1,-7.377021215E1,2.180626114E1,6.423954487E0,2.587735901E2,1.583546877E0,1.677330256E0
5.236016366E2,4.544093813E1,-7.377028725E1,2.191081198E1,6.462821007E0,2.593710327E2,1.514024377E0,1.668577433E0
5.246019106E2,4.544092548E1,-7.377037289E1,2.217537445E1,7.461326122E0,2.600214539E2,1.442664146E0,1.674135447E0
5.256016356E2,4.544091323E1,-7.377046845E1,2.250111650E1,8.682736397E0,2.605833740E2,1.393209457E0,1.678834200E0
5.266016526E2,4.544089925E1,-7.377058566E1,2.360662823E1,9.908305168E0,2.608562927E2,1.329116106E0,1.676017284E0
5.276016766E2,4.544088333E1,-7.377071628E1,2.443791573E1,1.074224472E1,2.611773682E2,1.274659157E0,1.675756693E0
5.286017426E2,4.544086975E1,-7.377085626E1,2.467708191E1,1.102954865E1,2.616653137E2,1.234908938E0,1.670124888E0
5.296016896E2,4.544085840E1,-7.377099768E1,2.417153611E1,1.085826588E1,2.619348755E2,1.200891256E0,1.708171725E0
5.306017106E2,4.544084407E1,-7.377113593E1,2.367871546E1,1.065081215E1,2.606070862E2,1.166964173E0,1.696832299E0
5.316017466E2,4.544082858E1,-7.377126385E1,2.303657105E1,9.375164032E0,2.583970947E2,1.139648080E0,1.706646562E0
5.326017626E2,4.544081051E1,-7.377136783E1,2.251704632E1,7.410596371E0,2.566283875E2,1.106053829E0,1.690655351E0
5.336017956E2,4.544079657E1,-7.377144128E1,2.247814231E1,4.380948544E0,2.556477966E2,1.079953074E0,1.690870285E0
5.346018286E2,4.544078655E1,-7.377148060E1,2.233132662E1,1.856739879E0,2.549893188E2,1.052844763E0,1.659887075E0
5.356017776E2,4.544077922E1,-7.377150455E1,2.217417793E1,1.909977436E0,2.546104126E2,1.022557616E0,1.643043280E0
5.366018106E2,4.544077331E1,-7.377153793E1,2.186602457E1,2.800167322E0,2.540706482E2,9.942626953E-1,1.651567340E0
5.376017996E2,4.544076409E1,-7.377158329E1,2.165223627E1,4.475906372E0,2.534820404E2,9.672233462E-1,1.627176166E0
5.386018156E2,4.544074723E1,-7.377165241E1,2.155190703E1,6.403378010E0,2.530217133E2,9.415764213E-1,1.632825732E0
5.396018296E2,4.544072979E1,-7.377173191E1,2.125328833E1,6.862157345E0,2.536253815E2,9.226365089E-1,1.637032390E0
5.406018366E2,4.544071452E1,-7.377181450E1,2.116497174E1,7.244546890E0,2.559714813E2,9.039801359E-1,1.641258359E0
5.416020096E2,4.544070424E1,-7.377191095E1,2.123450373E1,8.291158676E0,2.615527344E2,2.321196318E0,1.669964314E0
5.426018846E2,4.544070314E1,-7.377202083E1,2.095468713E1,9.221979141E0,2.687459717E2,3.001377583E0,1.668247700E0
5.436018906E2,4.544070989E1,-7.377214986E1,2.038843083E1,1.012375927E1,2.763614807E2,2.593258858E0,1.702901959E0
5.446018846E2,4.544073416E1,-7.377227839E1,2.009022122E1,1.073075581E1,2.854505005E2,2.254019499E0,1.747421265E0
5.456018996E2,4.544077153E1,-7.377240931E1,1.982576871E1,1.137133789E1,2.948820496E2,1.959773302E0,1.765165448E0
5.466019116E2,4.544082131E1,-7.377254110E1,1.947997975E1,1.165816116E1,2.989076233E2,1.809334517E0,1.754853368E0
5.476019426E2,4.544087383E1,-7.377266651E1,1.923873451E1,1.136865044E1,3.001217957E2,2.491336107E0,1.737344980E0
5.486020276E2,4.544092374E1,-7.377278963E1,1.958797310E1,1.146168423E1,3.000678101E2,2.697221279E0,1.744328737E0
5.496019536E2,4.544097416E1,-7.377291800E1,1.976152571E1,1.179220009E1,2.998327026E2,2.282216072E0,1.723998308E0
5.506019626E2,4.544102690E1,-7.377305077E1,1.965517075E1,1.241955280E1,2.997073669E2,2.606585979E0,1.722564816E0
5.516019886E2,4.544108627E1,-7.377319318E1,1.899265143E1,1.305318832E1,2.997024841E2,2.234039307E0,1.709269524E0
5.526019916E2,4.544114501E1,-7.377334401E1,1.851742582E1,1.350731659E1,2.996078186E2,1.944203615E0,1.718340278E0
5.536020096E2,4.544120447E1,-7.377349400E1,1.789833142E1,1.328167725E1,2.995260925E2,1.745422363E0,1.684763074E0
5.546020156E2,4.544126116E1,-7.377364307E1,1.732262126E1,1.296751785E1,2.994454041E2,1.611005306E0,1.673218608E0
5.556020326E2,4.544131707E1,-7.377378229E1,1.679347846E1,1.261711884E1,2.998356934E2,1.498067737E0,1.665755391E0
5.566020956E2,4.544137396E1,-7.377391660E1,1.687270162E1,1.221745205E1,3.017628479E2,1.413649440E0,1.681829214E0
5.576020686E2,4.544143518E1,-7.377404164E1,1.714965328E1,1.171103096E1,3.055151062E2,1.337078094E0,1.665545344E0
5.586021286E2,4.544149896E1,-7.377415594E1,1.745983297E1,1.140622330E1,3.086947327E2,2.337985516E0,1.652559996E0
5.596020986E2,4.544156469E1,-7.377426492E1,1.776837566E1,1.126513004E1,3.122059937E2,2.621001005E0,1.653339148E0
5.606021106E2,4.544163789E1,-7.377436794E1,1.822702796E1,1.115075588E1,3.175196533E2,2.676449299E0,1.649542570E0
5.616021606E2,4.544171564E1,-7.377446089E1,1.865265117E1,1.112458897E1,3.253569336E2,2.746127844E0,1.647030354E0
5.626021706E2,4.544179915E1,-7.377453484E1,1.898413820E1,1.101363850E1,3.335288086E2,2.777549267E0,1.637363553E0
5.636021396E2,4.544189009E1,-7.377458973E1,1.908824735E1,1.107638550E1,3.404349670E2,3.007296085E0,1.654276252E0
5.646021536E2,4.544198465E1,-7.377463378E1,1.932236481E1,1.111075974E1,3.443705139E2,3.183839798E0,1.654970407E0
5.656022356E2,4.544208022E1,-7.377466379E1,1.904505644E1,1.071723461E1,3.469804382E2,3.188749552E0,1.653417826E0
5.666023356E2,4.544217266E1,-7.377468910E1,1.891337762E1,1.014761543E1,3.481193237E2,3.029152870E0,1.651213527E0
5.676021996E2,4.544225963E1,-7.377471324E1,1.889865763E1,9.171914101E0,3.485760803E2,2.919455767E0,1.647934556E0
5.686022086E2,4.544233504E1,-7.377473276E1,1.886680100E1,7.522219658E0,3.488325195E2,2.889542818E0,1.655882001E0
5.696022606E2,4.544239309E1,-7.377474793E1,1.888956167E1,5.341682911E0,3.489635925E2,2.860748529E0,1.653403997E0
5.706022346E2,4.544242697E1,-7.377475581E1,1.881827126E1,2.825501680E0,3.490483704E2,3.121439695E0,1.654374719E0
5.716022586E2,4.544244578E1,-7.377476036E1,1.851398942E1,2.586762667E0,3.490447083E2,2.997102261E0,1.652388215E0
5.726022606E2,4.544246554E1,-7.377476412E1,1.882387576E1,3.442753792E0,3.490657349E2,2.989995241E0,1.677641034E0
5.736022826E2,4.544249846E1,-7.377477510E1,1.906130868E1,5.079072952E0,3.492056274E2,3.077671528E0,1.705422878E0
5.746022846E2,4.544254437E1,-7.377478868E1,1.939753717E1,6.708616734E0,3.492950439E2,2.993393183E0,1.732135296E0
5.756023276E2,4.544260937E1,-7.377480780E1,1.935513297E1,7.516336918E0,3.489724731E2,3.098622322E0,1.730910659E0
5.766023676E2,4.544267409E1,-7.377482971E1,1.952797872E1,7.662038803E0,3.476263428E2,3.303238869E0,1.759693980E0
5.776023426E2,4.544274176E1,-7.377485563E1,1.989457430E1,8.683382034E0,3.455469971E2,3.072396040E0,1.773336291E0
5.786023786E2,4.544281909E1,-7.377488743E1,2.019852082E1,1.018189144E1,3.407863159E2,3.092447281E0,1.772931695E0
5.796023506E2,4.544291314E1,-7.377493992E1,2.017651808E1,1.113011837E1,3.347304077E2,3.219854593E0,1.761510730E0
5.806023676E2,4.544300418E1,-7.377501510E1,2.027489379E1,1.126238537E1,3.289908142E2,3.117218256E0,1.740724087E0
5.816023816E2,4.544308704E1,-7.377510221E1,2.025774553E1,1.117654800E1,3.229877014E2,3.047434330E0,1.723350525E0
5.826024356E2,4.544316464E1,-7.377519817E1,2.020062518E1,1.154343033E1,3.192237854E2,2.886344433E0,1.726660013E0
5.836024106E2,4.544324034E1,-7.377530093E1,2.032036078E1,1.178895187E1,3.182420654E2,2.867513180E0,1.748002291E0
5.846024236E2,4.544331868E1,-7.377540384E1,2.045794004E1,1.176613140E1,3.178755188E2,2.801008463E0,1.761996269E0
5.866024486E2,4.544347985E1,-7.377560672E1,2.088600210E1,1.217145252E1,3.175581665E2,2.644865036E0,1.766567230E0
5.876024946E2,4.544356152E1,-7.377571339E1,2.126584654E1,1.241342545E1,3.163817139E2,2.172828197E0,1.762066007E0
5.886024826E2,4.544364292E1,-7.377582431E1,2.129787978E1,1.260504532E1,3.155848389E2,1.897338629E0,1.724637628E0
5.896024886E2,4.544372275E1,-7.377594027E1,2.149675966E1,1.283147335E1,3.152386475E2,1.723721266E0,1.701197624E0
5.906025696E2,4.544380558E1,-7.377605670E1,2.088137097E1,1.307971859E1,3.152131958E2,1.596613169E0,1.669412851E0
5.916025276E2,4.544389010E1,-7.377617526E1,2.038191204E1,1.333331203E1,3.152389832E2,1.500270605E0,1.665458322E0
5.926025266E2,4.544397659E1,-7.377629353E1,1.982598673E1,1.353336430E1,3.157442322E2,1.403087616E0,1.650505662E0
5.936025416E2,4.544406358E1,-7.377641252E1,1.928837728E1,1.361171150E1,3.158419800E2,2.336063385E0,1.641438842E0
5.946025536E2,4.544415173E1,-7.377653345E1,1.897017253E1,1.366288090E1,3.158408203E2,2.588354111E0,1.639219284E0
5.956025606E2,4.544423986E1,-7.377665200E1,1.867939864E1,1.343327332E1,3.159937744E2,2.668672323E0,1.635303974E0
5.966026176E2,4.544432520E1,-7.377676787E1,1.850981514E1,1.300529575E1,3.160476074E2,2.698608875E0,1.629281998E0
5.976026196E2,4.544440671E1,-7.377687877E1,1.821591224E1,1.256762886E1,3.148146362E2,2.767198086E0,1.626846194E0
5.986026406E2,4.544448185E1,-7.377699023E1,1.813557444E1,1.211038780E1,3.129191895E2,2.719342232E0,1.624106050E0
5.996026666E2,4.544454873E1,-7.377710493E1,1.825183365E1,1.116327572E1,3.108635559E2,2.693692446E0,1.622660160E0
6.006026296E2,4.544460514E1,-7.377720786E1,1.841044998E1,9.326558113E0,3.094156799E2,2.681881428E0,1.622263789E0
6.016026446E2,4.544465053E1,-7.377729271E1,1.857988315E1,7.772057056E0,3.097234802E2,2.834852695E0,1.631783366E0
6.026026746E2,4.544468724E1,-7.377735953E1,1.857992279E1,5.709564686E0,3.099563904E2,2.950456142E0,1.650589228E0
6.036026916E2,4.544470954E1,-7.377739856E1,1.867010113E1,3.111820936E0,3.100403442E2,2.912150860E0,1.667953491E0
6.046027036E2,4.544472357E1,-7.377742298E1,1.856742439E1,2.800183058E0,3.100726929E2,2.901899338E0,1.680630684E0
6.056027206E2,4.544473481E1,-7.377744365E1,1.879803284E1,3.150320530E0,3.098676758E2,2.867873907E0,1.682598591E0
6.066027266E2,4.544475135E1,-7.377747400E1,1.908872926E1,4.460696697E0,3.096077271E2,2.870157719E0,1.667925000E0
6.076027506E2,4.544477835E1,-7.377752593E1,1.903237954E1,6.135382652E0,3.096187744E2,2.917056322E0,1.671646953E0
6.086027456E2,4.544481183E1,-7.377758703E1,1.874532224E1,5.992171288E0,3.096511841E2,2.985520124E0,1.678175092E0
6.096027596E2,4.544484660E1,-7.377765165E1,1.862948035E1,6.587895870E0,3.095444336E2,2.939706326E0,1.685492635E0
6.106027856E2,4.544488637E1,-7.377772352E1,1.870073772E1,8.069343567E0,3.094748230E2,2.934738874E0,1.690474272E0
6.116028636E2,4.544493576E1,-7.377781075E1,1.888221452E1,9.492306709E0,3.091387634E2,2.872570992E0,1.689733744E0
6.126027896E2,4.544499493E1,-7.377791520E1,1.914353227E1,1.077843285E1,3.089264832E2,2.849175692E0,1.689367414E0
6.136028456E2,4.544506021E1,-7.377803288E1,1.930293469E1,1.117562580E1,3.086042480E2,2.909573555E0,1.694818974E0
6.146028806E2,4.544512791E1,-7.377815167E1,1.910483490E1,1.131787968E1,3.085878296E2,2.974557877E0,1.698513627E0
6.156028306E2,4.544519694E1,-7.377827312E1,1.884987209E1,1.188637447E1,3.092202759E2,3.173078060E0,1.725515842E0
6.166028386E2,4.544526770E1,-7.377839724E1,1.903769522E1,1.221475124E1,3.098000183E2,3.239054918E0,1.749313712E0
6.176028746E2,4.544534178E1,-7.377852248E1,1.904442884E1,1.227752876E1,3.102732239E2,3.235033989E0,1.764149308E0
6.186028866E2,4.544541741E1,-7.377864574E1,1.881379601E1,1.218603420E1,3.109329834E2,3.264313698E0,1.779278040E0
6.196028916E2,4.544549325E1,-7.377876365E1,1.852407881E1,1.215411377E1,3.120983887E2,3.261483192E0,1.784027696E0
6.206028926E2,4.544557015E1,-7.377887636E1,1.824990402E1,1.197681904E1,3.137781067E2,3.339843035E0,1.785474062E0
6.216029196E2,4.544564888E1,-7.377898788E1,1.773092892E1,1.195560169E1,3.128097839E2,2.956702232E0,1.760383606E0
6.226029256E2,4.544572044E1,-7.377909700E1,1.759031785E1,1.205904865E1,3.100424194E2,3.015200615E0,1.738141179E0
6.236029356E2,4.544578786E1,-7.377921491E1,1.759082814E1,1.221477318E1,3.073808594E2,3.087812901E0,1.727284312E0
6.246029616E2,4.544585118E1,-7.377934210E1,1.769463781E1,1.242606258E1,3.055875244E2,2.895827770E0,1.713960409E0
6.256029676E2,4.544591692E1,-7.377947417E1,1.757889353E1,1.263643742E1,3.054358826E2,2.868012428E0,1.703829885E0
6.266029756E2,4.544598176E1,-7.377960898E1,1.742621205E1,1.252576923E1,3.052147827E2,2.853846073E0,1.700936913E0
6.276030216E2,4.544604513E1,-7.377974129E1,1.737252401E1,1.239128971E1,3.047296143E2,2.853470564E0,1.701509237E0
6.286030596E2,4.544610979E1,-7.377986952E1,1.732745968E1,1.234654999E1,3.044335632E2,2.770668745E0,1.696754217E0
6.296030216E2,4.544617412E1,-7.377999674E1,1.736574475E1,1.231018734E1,3.042279358E2,2.758785486E0,1.696307302E0
6.306030346E2,4.544623831E1,-7.378012655E1,1.744973760E1,1.227045441E1,3.039679871E2,2.743371725E0,1.688143611E0
6.316030456E2,4.544629848E1,-7.378025621E1,1.716046427E1,1.223071766E1,3.036781616E2,2.734736919E0,1.678857446E0
6.326031566E2,4.544635918E1,-7.378038599E1,1.693307244E1,1.219286633E1,3.033882751E2,2.729285240E0,1.675108433E0
6.336030896E2,4.544641943E1,-7.378051512E1,1.662250878E1,1.208924484E1,3.030111389E2,2.748071909E0,1.669491291E0
6.346031116E2,4.544648263E1,-7.378064773E1,1.639140645E1,1.187067223E1,3.024555054E2,2.763365984E0,1.659544945E0
6.356031376E2,4.544654272E1,-7.378077849E1,1.613838068E1,1.174702930E1,3.009013672E2,2.770875454E0,1.659847260E0
6.366031256E2,4.544659619E1,-7.378090895E1,1.620005776E1,1.167073345E1,2.986015320E2,2.763134480E0,1.662845254E0
6.376031506E2,4.544664609E1,-7.378104364E1,1.594109589E1,1.162446785E1,2.971348267E2,2.755344391E0,1.661947250E0
6.386031816E2,4.544669328E1,-7.378118044E1,1.569954488E1,1.161245537E1,2.957458191E2,2.762015343E0,1.666297078E0
6.396031696E2,4.544673753E1,-7.378132120E1,1.555213498E1,1.169573784E1,2.943135071E2,2.782255173E0,1.668050051E0
6.406031896E2,4.544678034E1,-7.378145947E1,1.522671917E1,1.140057945E1,2.922826233E2,2.912865639E0,1.683225989E0
6.416031886E2,4.544681618E1,-7.378159408E1,1.485280885E1,1.064172840E1,2.900392761E2,2.968307495E0,1.702126265E0
6.426032396E2,4.544684134E1,-7.378171414E1,1.454622774E1,9.051649094E0,2.872623596E2,3.057178974E0,1.720225215E0
6.436032176E2,4.544685856E1,-7.378180941E1,1.476435005E1,6.788137436E0,2.845419006E2,3.164318085E0,1.742861509E0
6.446032326E2,4.544686748E1,-7.378187013E1,1.476286366E1,3.994020224E0,2.825112610E2,3.084915638E0,1.756191373E0
6.456032706E2,4.544687206E1,-7.378190150E1,1.473967853E1,3.144697189E0,2.813388977E2,3.023706913E0,1.751055002E0
6.466033036E2,4.544687483E1,-7.378193014E1,1.489786921E1,3.235618353E0,2.808973999E2,3.020369053E0,1.751746297E0
6.476032706E2,4.544687684E1,-7.378197049E1,1.523999522E1,4.567922592E0,2.808415222E2,2.938726902E0,1.793062210E0
6.486032826E2,4.544688008E1,-7.378203213E1,1.599342748E1,6.081755161E0,2.811080933E2,2.892453432E0,1.790047288E0
6.496033316E2,4.544688754E1,-7.378211955E1,1.662128157E1,6.707778931E0,2.815835876E2,2.887169838E0,1.789181352E0
6.506033136E2,4.544689596E1,-7.378220599E1,1.723137726E1,6.773400784E0,2.820160828E2,2.872342110E0,1.792282224E0
6.516033246E2,4.544690684E1,-7.378229566E1,1.750426330E1,7.593430996E0,2.824921265E2,2.871327162E0,1.765477300E0
6.526033216E2,4.544692263E1,-7.378240056E1,1.792248366E1,9.003095627E0,2.830209961E2,3.012423038E0,1.764181495E0
6.536033646E2,4.544694311E1,-7.378252428E1,1.813755578E1,1.033384323E1,2.837348633E2,3.196520329E0,1.770581841E0
6.546033776E2,4.544696735E1,-7.378265874E1,1.845849688E1,1.023500729E1,2.851727905E2,3.082421780E0,1.809390426E0
6.556033996E2,4.544699116E1,-7.378279659E1,1.919308597E1,1.042684841E1,2.872716980E2,3.059690475E0,1.801728249E0
6.566033916E2,4.544702375E1,-7.378293814E1,1.936367954E1,1.106255054E1,2.898667297E2,2.902909756E0,1.786801696E0
6.576034026E2,4.544706095E1,-7.378307936E1,1.928055635E1,1.158480740E1,2.919037781E2,2.897174835E0,1.770343304E0
6.586034306E2,4.544710534E1,-7.378322155E1,1.882166197E1,1.204479122E1,2.929654236E2,2.934779167E0,1.740191460E0
6.596034166E2,4.544715179E1,-7.378337298E1,1.843114960E1,1.248892879E1,2.933441467E2,2.983919382E0,1.731103539E0
6.606035196E2,4.544719808E1,-7.378352576E1,1.782883322E1,1.243646145E1,2.935119934E2,2.931442261E0,1.719133019E0
6.616034406E2,4.544724337E1,-7.378367196E1,1.754936447E1,1.232133484E1,2.936605530E2,2.929457426E0,1.710980296E0
6.626034556E2,4.544728852E1,-7.378381405E1,1.694194286E1,1.230083084E1,2.939852905E2,2.923350334E0,1.708035231E0
6.636034956E2,4.544733529E1,-7.378395443E1,1.627415177E1,1.220732880E1,2.952134705E2,2.907722950E0,1.703195453E0
6.646034786E2,4.544738473E1,-7.378409309E1,1.573543171E1,1.209526253E1,2.973391418E2,2.917200089E0,1.695788026E0
6.656035346E2,4.544743896E1,-7.378422549E1,1.538485289E1,1.180113411E1,3.013569946E2,2.801804781E0,1.696483970E0
6.666035086E2,4.544749734E1,-7.378434548E1,1.529766566E1,1.138714981E1,3.043227844E2,2.790235043E0,1.689146638E0
6.676036456E2,4.544755790E1,-7.378446149E1,1.552694112E1,1.137353802E1,3.035816040E2,2.763076305E0,1.685231328E0
6.686035976E2,4.544761392E1,-7.378457938E1,1.564993976E1,1.137639618E1,3.000252075E2,2.776265383E0,1.680370927E0
6.696035556E2,4.544766294E1,-7.378471125E1,1.577654662E1,1.158994961E1,2.959205322E2,2.918463945E0,1.701154709E0
6.706036386E2,4.544770840E1,-7.378485077E1,1.531886435E1,1.189461708E1,2.929508057E2,3.012524843E0,1.728346586E0
6.716035946E2,4.544774755E1,-7.378499455E1,1.520869540E1,1.204556942E1,2.909536743E2,3.245559692E0,1.766200662E0
6.726035946E2,4.544778472E1,-7.378514122E1,1.514293324E1,1.210557652E1,2.906803589E2,3.505167484E0,1.816283345E0
6.736036036E2,4.544782220E1,-7.378528873E1,1.518420305E1,1.219909668E1,2.906193237E2,3.617443562E0,1.865508795E0
6.746036136E2,4.544786106E1,-7.378543195E1,1.478706332E1,1.220002270E1,2.900112000E2,3.606444359E0,1.865064502E0
6.756036316E2,4.544789815E1,-7.378557780E1,1.487622934E1,1.222203541E1,2.893846436E2,3.622180223E0,1.892597318E0
6.766036426E2,4.544793380E1,-7.378572183E1,1.535235646E1,1.191779709E1,2.888489685E2,3.373584509E0,1.893734574E0
6.776036646E2,4.544796757E1,-7.378586218E1,1.569737173E1,1.144044113E1,2.885560303E2,3.329976559E0,1.903638601E0
6.786036646E2,4.544799897E1,-7.378600022E1,1.575324754E1,1.116313839E1,2.887913818E2,3.225790977E0,1.869600654E0
6.796036836E2,4.544802973E1,-7.378613460E1,1.598327764E1,1.103875065E1,2.891125183E2,3.161721468E0,1.842331409E0
6.806037606E2,4.544805939E1,-7.378626599E1,1.630176131E1,1.081516361E1,2.884531250E2,2.937317371E0,1.827884078E0
6.816037166E2,4.544808462E1,-7.378639625E1,1.680371990E1,1.072539616E1,2.847208252E2,2.822701454E0,1.824290991E0
6.826037376E2,4.544810256E1,-7.378652896E1,1.735068770E1,1.072436523E1,2.790179138E2,2.767253399E0,1.783549547E0
6.836037636E2,4.544810848E1,-7.378666607E1,1.802104131E1,1.080486584E1,2.702878113E2,2.784890652E0,1.747893453E0
6.846037636E2,4.544809798E1,-7.378680674E1,1.882132416E1,1.106402016E1,2.613518066E2,2.819247007E0,1.721223235E0
6.856037576E2,4.544807044E1,-7.378695047E1,1.923895128E1,1.139258575E1,2.520274811E2,3.076986313E0,1.722427368E0
6.866038316E2,4.544802881E1,-7.378708888E1,1.971310838E1,1.154590321E1,2.453126068E2,3.165556908E0,1.742345929E0
6.876038096E2,4.544798299E1,-7.378722286E1,1.997346517E1,1.121884823E1,2.445697937E2,3.261693001E0,1.760278463E0
6.886038076E2,4.544794093E1,-7.378735044E1,2.007434318E1,1.067704582E1,2.478526459E2,3.268800974E0,1.775323629E0
6.896038416E2,4.544790936E1,-7.378747376E1,1.998848464E1,1.004821491E1,2.556350250E2,3.334536552E0,1.797493219E0
6.906038296E2,4.544789315E1,-7.378759376E1,1.992013831E1,9.439595222E0,2.629639587E2,3.218065023E0,1.792376757E0
6.916038626E2,4.544789418E1,-7.378770496E1,2.003511350E1,8.676835060E0,2.704676819E2,3.169914246E0,1.789883852E0
6.926038526E2,4.544790561E1,-7.378780615E1,1.979262158E1,7.892815113E0,2.775062256E2,3.174771786E0,1.787352204E0
6.936038686E2,4.544792346E1,-7.378789734E1,1.937343272E1,6.889005661E0,2.828258362E2,3.234464407E0,1.808010817E0
6.946038846E2,4.544793803E1,-7.378796993E1,1.903709504E1,5.014416218E0,2.854669800E2,3.379391670E0,1.825056553E0
6.956039016E2,4.544794844E1,-7.378801460E1,1.932856729E1,3.396402359E0,2.865462036E2,3.318711281E0,1.807872295E0
6.966039216E2,4.544795464E1,-7.378803706E1,1.969432685E1,2.311616898E0,2.871652832E2,3.150855541E0,1.792115927E0
6.976039126E2,4.544796143E1,-7.378805839E1,1.961847352E1,2.476820707E0,2.874244690E2,3.224662781E0,1.791041136E0
6.986039256E2,4.544797194E1,-7.378808518E1,1.953866760E1,3.930405617E0,2.875513306E2,3.206111431E0,1.805400372E0
6.996039586E2,4.544798491E1,-7.378814172E1,1.922815193E1,5.809710979E0,2.876434326E2,3.275289059E0,1.821146727E0
7.006039666E2,4.544799992E1,-7.378821724E1,1.942738158E1,6.052411556E0,2.871558533E2,3.407780886E0,1.831076145E0
7.016040426E2,4.544801447E1,-7.378829394E1,1.931657525E1,6.489717484E0,2.867973633E2,3.351694584E0,1.840636611E0
7.026040066E2,4.544803155E1,-7.378838724E1,1.939399137E1,8.173745155E0,2.868384094E2,3.411723137E0,1.864375472E0
7.036040546E2,4.544805349E1,-7.378849815E1,1.943424177E1,9.598802567E0,2.865798950E2,3.404299259E0,1.879625082E0
7.046040146E2,4.544807878E1,-7.378862810E1,1.946477986E1,1.050845528E1,2.864469910E2,3.556499958E0,1.891859889E0
7.056040206E2,4.544810576E1,-7.378876850E1,1.949861719E1,1.122218895E1,2.860016479E2,3.431541920E0,1.904160023E0
7.066040546E2,4.544813402E1,-7.378891347E1,1.960754071E1,1.132578754E1,2.855313416E2,3.439190388E0,1.914109468E0
7.076041146E2,4.544816057E1,-7.378905601E1,2.011941600E1,1.133657742E1,2.851275940E2,3.428733587E0,1.922297597E0
7.086040676E2,4.544818898E1,-7.378920092E1,2.047121935E1,1.143557358E1,2.847341309E2,3.427126408E0,1.932885766E0
7.096040886E2,4.544821766E1,-7.378934518E1,2.067516774E1,1.108650303E1,2.828709106E2,3.392845154E0,1.935275078E0
7.106040886E2,4.544823927E1,-7.378948639E1,2.088374456E1,1.096720028E1,2.799374390E2,3.413661957E0,1.945626736E0
7.116041356E2,4.544825548E1,-7.378962651E1,2.081421374E1,1.095622063E1,2.767508850E2,3.287429333E0,1.924849629E0
7.126041186E2,4.544826210E1,-7.378976800E1,2.085744197E1,1.103409481E1,2.743405457E2,3.251209259E0,1.886728048E0
7.136041336E2,4.544826848E1,-7.378990998E1,2.070096938E1,1.094836617E1,2.733522339E2,3.185925007E0,1.869963884E0
7.146041576E2,4.544827602E1,-7.379004826E1,2.061628131E1,1.074625969E1,2.759739075E2,3.293084621E0,1.876123667E0
7.156041756E2,4.544829134E1,-7.379018682E1,2.011472091E1,1.073658848E1,2.807000427E2,3.376326799E0,1.891768694E0
7.166042356E2,4.544831447E1,-7.379032321E1,1.991636619E1,1.071733475E1,2.838320312E2,3.438425303E0,1.910960674E0
7.176042056E2,4.544833984E1,-7.379045797E1,1.952183001E1,1.064549732E1,2.818168640E2,3.483347893E0,1.922069192E0
7.186041976E2,4.544835699E1,-7.379059518E1,1.919673001E1,1.064506626E1,2.763184814E2,3.471729040E0,1.956382632E0
7.196042126E2,4.544836032E1,-7.379073540E1,1.878167672E1,1.075819683E1,2.689754028E2,3.426069260E0,1.987131715E0
7.206042206E2,4.544835701E1,-7.379087882E1,1.791125845E1,1.098811913E1,2.652068176E2,3.340898514E0,1.947572351E0
7.216042386E2,4.544834439E1,-7.379101968E1,1.771009927E1,1.115694714E1,2.646452332E2,3.102955818E0,1.864407063E0
7.226042566E2,4.544833043E1,-7.379116245E1,1.781465402E1,1.140560436E1,2.647887878E2,3.025678635E0,1.814470768E0
7.236042696E2,4.544832106E1,-7.379130541E1,1.775180536E1,1.165039635E1,2.650999451E2,2.896243811E0,1.779645681E0
7.246042946E2,4.544831445E1,-7.379145261E1,1.768919265E1,1.195452976E1,2.664049988E2,2.824968815E0,1.758160114E0
7.256042926E2,4.544830878E1,-7.379160698E1,1.747168680E1,1.225775623E1,2.678271179E2,2.901086807E0,1.745249271E0
7.266043266E2,4.544830519E1,-7.379176544E1,1.747186838E1,1.242556190E1,2.688809814E2,3.200589895E0,1.755203843E0
7.276043316E2,4.544830440E1,-7.379192533E1,1.756390331E1,1.246250153E1,2.702467651E2,3.283701181E0,1.774133325E0
7.286043276E2,4.544830509E1,-7.379208445E1,1.770712284E1,1.220419025E1,2.711671753E2,3.285134315E0,1.789246440E0
7.296043576E2,4.544830700E1,-7.379223983E1,1.760564045E1,1.204417324E1,2.712377625E2,3.194122314E0,1.806115985E0
7.306043676E2,4.544830934E1,-7.379239328E1,1.771022890E1,1.201895618E1,2.716999512E2,3.228744984E0,1.822353601E0
7.316043776E2,4.544831503E1,-7.379254839E1,1.746164881E1,1.211963463E1,2.723324280E2,3.166127682E0,1.824513555E0
7.326043896E2,4.544832008E1,-7.379270352E1,1.733380270E1,1.201424122E1,2.729085999E2,3.128651619E0,1.826681733E0
7.336044036E2,4.544832685E1,-7.379285532E1,1.723808201E1,1.184194946E1,2.739543762E2,3.122257233E0,1.830716729E0
7.346044526E2,4.544833486E1,-7.379300624E1,1.731525426E1,1.170833397E1,2.751370239E2,3.200060844E0,1.838042855E0
7.356044746E2,4.544834550E1,-7.379315406E1,1.759775686E1,1.153234482E1,2.762279358E2,3.211504698E0,1.837212205E0
7.366044506E2,4.544835777E1,-7.379329774E1,1.771541865E1,1.130873585E1,2.759351501E2,3.131148815E0,1.810708642E0
7.376044546E2,4.544836709E1,-7.379343821E1,1.809515508E1,1.106227398E1,2.731712646E2,3.016342640E0,1.791085362E0
7.386044716E2,4.544837020E1,-7.379357478E1,1.858486890E1,1.055870342E1,2.678121643E2,2.989974022E0,1.781320453E0
7.396044836E2,4.544836350E1,-7.379370535E1,1.889806307E1,1.051005363E1,2.615867004E2,2.909356594E0,1.757719159E0
7.406044906E2,4.544834421E1,-7.379383904E1,1.922872956E1,1.072177696E1,2.550712738E2,2.827289104E0,1.731799603E0
7.416045216E2,4.544830968E1,-7.379397576E1,1.952909186E1,1.087884521E1,2.479097748E2,2.896366119E0,1.721637726E0
7.426045366E2,4.544826169E1,-7.379410376E1,1.994595867E1,1.084612083E1,2.416484375E2,2.964203358E0,1.693402171E0
7.436045296E2,4.544820704E1,-7.379422358E1,2.023025539E1,1.091363525E1,2.376497192E2,3.197778225E0,1.707383275E0
7.446045546E2,4.544814850E1,-7.379433665E1,2.023633813E1,1.095465183E1,2.345693817E2,3.283664703E0,1.726898909E0
7.456045536E2,4.544808761E1,-7.379444552E1,2.035865462E1,1.068583298E1,2.327950439E2,3.275044441E0,1.742062092E0
7.466046096E2,4.544802833E1,-7.379455279E1,2.055663784E1,1.050270844E1,2.332129211E2,3.300143719E0,1.776097536E0
7.476045846E2,4.544797064E1,-7.379466035E1,2.027622701E1,1.031311703E1,2.359347992E2,3.416783333E0,1.791705966E0
7.486046546E2,4.544792044E1,-7.379476785E1,1.991398296E1,1.032759094E1,2.401250153E2,3.282213449E0,1.796769023E0
7.496046166E2,4.544787744E1,-7.379488323E1,1.959323490E1,1.067811012E1,2.455496368E2,3.226769447E0,1.792949915E0
7.506046646E2,4.544784230E1,-7.379501251E1,1.940075383E1,1.102582264E1,2.516041565E2,3.161787987E0,1.774363995E0
7.516046456E2,4.544781484E1,-7.379515781E1,1.946103970E1,1.143320942E1,2.564856567E2,2.940626621E0,1.732359171E0
7.526046726E2,4.544779066E1,-7.379530820E1,1.925291270E1,1.156686306E1,2.573697205E2,2.900589943E0,1.701756477E0
7.536047846E2,4.544776839E1,-7.379545640E1,1.884864795E1,1.135140800E1,2.575928650E2,2.970448494E0,1.684810162E0
7.546046986E2,4.544774580E1,-7.379559968E1,1.858066654E1,1.100610542E1,2.560272217E2,2.975210667E0,1.675733924E0
7.556047256E2,4.544772065E1,-7.379573313E1,1.820067122E1,1.077113819E1,2.522843475E2,2.942226410E0,1.656426430E0
7.566047466E2,4.544768940E1,-7.379585951E1,1.801592532E1,1.066745853E1,2.486022644E2,2.917994738E0,1.643263459E0
7.576047336E2,4.544765156E1,-7.379598208E1,1.807071815E1,1.062206364E1,2.437257538E2,2.890299797E0,1.638458014E0
7.586047326E2,4.544760235E1,-7.379609778E1,1.839643872E1,1.075748062E1,2.381906738E2,2.876043797E0,1.643686652E0
7.596047606E2,4.544754487E1,-7.379620976E1,1.917331431E1,1.069887543E1,2.350704346E2,2.887080908E0,1.637451291E0
7.606047646E2,4.544748860E1,-7.379632147E1,1.989105167E1,1.054987335E1,2.351251984E2,2.966847420E0,1.654888272E0
7.616047666E2,4.544743910E1,-7.379642987E1,1.961673083E1,1.005939484E1,2.351034851E2,3.065591812E0,1.675381660E0
7.626047886E2,4.544739152E1,-7.379653033E1,1.962391927E1,9.115167618E0,2.363614197E2,3.273915052E0,1.701685071E0
7.636047956E2,4.544735360E1,-7.379661763E1,1.965468079E1,7.462759018E0,2.402407684E2,3.398044109E0,1.721897602E0
7.646048156E2,4.544732926E1,-7.379668692E1,1.975396673E1,5.501826286E0,2.442691040E2,3.408013344E0,1.735386491E0
7.656048266E2,4.544731577E1,-7.379673248E1,1.999113815E1,3.878937006E0,2.477339020E2,3.314888477E0,1.739507079E0
7.666048356E2,4.544730946E1,-7.379675473E1,2.004320159E1,2.139464140E0,2.504512787E2,3.204975843E0,1.714670181E0
7.676048486E2,4.544730866E1,-7.379675814E1,1.997303701E1,7.136637568E-1,2.514185944E2,3.144652843E0,1.675875664E0
7.686051376E2,4.544730900E1,-7.379675654E1,2.015463018E1,1.076569557E0,2.521389618E2,2.985877275E0,1.693318963E0
7.696048796E2,4.544730473E1,-7.379677413E1,2.037909481E1,2.537009954E0,2.524000092E2,2.977994442E0,1.696735024E0
7.706049076E2,4.544729646E1,-7.379681472E1,2.056468682E1,3.650969505E0,2.512453766E2,2.983639717E0,1.708794117E0
7.716049106E2,4.544728415E1,-7.379686648E1,2.050802691E1,4.353411674E0,2.487227631E2,3.146394730E0,1.709289432E0
7.726049256E2,4.544726488E1,-7.379692672E1,2.012030565E1,5.023729324E0,2.407879639E2,3.055793762E0,1.704889059E0
7.736049506E2,4.544723500E1,-7.379698005E1,1.970281125E1,4.564459801E0,2.261764832E2,2.952059269E0,1.705027103E0
7.746049676E2,4.544719933E1,-7.379701181E1,1.938650766E1,3.639936447E0,2.061420593E2,2.957720280E0,1.667171001E0
7.756049656E2,4.544716287E1,-7.379701488E1,1.922106029E1,3.490398169E0,1.859363556E2,2.968473434E0,1.652893066E0
7.766049706E2,4.544712792E1,-7.379701033E1,1.931972933E1,3.440492392E0,1.812127686E2,2.861775160E0,1.639783263E0
7.776049846E2,4.544709257E1,-7.379701257E1,1.913870724E1,3.523060799E0,1.896927032E2,2.816869259E0,1.631561399E0
7.786050016E2,4.544705956E1,-7.379702722E1,1.879341341E1,3.589723349E0,1.992120361E2,2.800777912E0,1.620404959E0
7.796050476E2,4.544702424E1,-7.379704378E1,1.875961938E1,3.762124062E0,1.937285309E2,2.831803799E0,1.614976406E0
7.806050256E2,4.544698657E1,-7.379704607E1,1.876173758E1,3.831542492E0,1.786489105E2,2.847230911E0,1.611123204E0
7.816050996E2,4.544694956E1,-7.379703651E1,1.849559470E1,3.587085962E0,1.629051819E2,2.853853941E0,1.612384677E0
7.826050906E2,4.544692207E1,-7.379700963E1,1.865983371E1,3.256973743E0,1.427069397E2,2.887307167E0,1.624016881E0
7.836050676E2,4.544690545E1,-7.379697495E1,1.884014343E1,3.074142694E0,1.259827194E2,2.874401331E0,1.632314801E0
7.846050796E2,4.544689938E1,-7.379693635E1,1.908382123E1,2.822386026E0,1.038026733E2,2.844497204E0,1.642885208E0
7.856050926E2,4.544690459E1,-7.379689957E1,1.941276712E1,2.583224058E0,8.267011261E1,2.837705374E0,1.640605927E0
7.866051096E2,4.544691751E1,-7.379687367E1,1.975153999E1,2.006125689E0,6.694318390E1,2.972570419E0,1.649636149E0
7.886051776E2,4.544693156E1,-7.379684126E1,1.973906494E1,8.071461916E-1,6.565985870E1,3.064440727E0,1.642485976E0
7.896051656E2,4.544693486E1,-7.379683507E1,2.028819772E1,1.822500229E-1,6.612000275E1,2.513925552E0,1.645536542E0
7.906052136E2,4.544693541E1,-7.379683332E1,2.019852897E1,1.112983301E-1,6.608803558E1,2.224695206E0,1.667125463E0
7.916051816E2,4.544693527E1,-7.379683377E1,2.045961358E1,9.704812616E-2,6.606656647E1,1.967249393E0,1.667237401E0
7.926052076E2,4.544693601E1,-7.379683149E1,2.016260231E1,9.559900314E-2,6.605614471E1,1.795240045E0,1.670678616E0
7.936051986E2,4.544693652E1,-7.379682988E1,2.012342476E1,1.600119402E-3,6.584397888E1,1.667725682E0,1.650349975E0
7.946052266E2,4.544693652E1,-7.379682987E1,2.019781826E1,1.355900778E-3,6.596621704E1,1.851725221E0,1.856987357E0
7.956052376E2,4.544693656E1,-7.379682976E1,2.016463280E1,1.067253528E-3,6.593302917E1,1.699418068E0,2.054355145E0
7.966052716E2,4.544693658E1,-7.379682968E1,2.017288877E1,4.660543927E-4,6.590946960E1,1.564582825E0,2.236105442E0
7.976053176E2,4.544693658E1,-7.379682967E1,2.018364710E1,3.512627736E-4,6.595957947E1,1.466302276E0,2.402914762E0
